name,true,pred,p_max,margin,entropy,correct
call/00005c9c-3548-4a8f-9d0b-2dd4aff37fc9,call,call,0.125000,0.042969,2.813236,1
call/04a943d0-ac4b-4301-bf9d-efc5f0147f85,call,call,0.179688,0.101562,2.738682,1
call/09f5c6bd-c36b-4312-a1d6-63717a73e62e,call,call,0.472656,0.398438,2.104389,1
call/0eef0638-0fda-4caf-a308-5690901eea15,call,call,0.214844,0.105469,2.671666,1
call/14075628-2ecc-4d16-9630-55fe955186e5,call,call,0.390625,0.300781,2.328617,1
call/194b8496-1fce-43f6-bac6-52c77a21be15,call,three2,0.160156,0.062500,2.748655,0
call/1e5fcccf-9a1c-440f-87a0-528a2b4fd8dd,call,call,0.195312,0.058594,2.569324,1
call/236227f5-bcdd-4d25-88ed-541ff5fba859,call,call,0.152344,0.003906,2.711500,1
call/28510ef1-9d8a-47b6-8c23-23851793c004,call,call,0.144531,0.031250,2.717202,1
call/2d6ad9c8-5fc0-4198-8c23-db791e599664,call,call,0.207031,0.019531,2.495536,1
call/3327b6dc-8199-4cf6-b16a-d8438e8c4674,call,call,0.140625,0.035156,2.779947,1
call/38450627-40ad-41f1-ba8e-27cd13fda0e3,call,call,0.500000,0.437500,2.048988,1
call/3da17fc5-f88c-49fc-ad2d-d80df10430dd,call,one,0.156250,0.015625,2.707496,0
call/424efa99-2c08-4093-92dd-46d6a1eeb361,call,call,0.324219,0.179688,2.329251,1
call/4760ed1f-1b1b-4018-8b22-574e8ea049ed,call,call,0.113281,0.000000,2.768797,1
call/4c77393f-732b-4c7c-b4ed-eab738a90bc7,call,call,0.277344,0.199219,2.581098,1
call/51a8493e-bd81-4881-b313-14dfc86c643d,call,one,0.160156,0.023438,2.717340,0
call/5728d70b-cd6a-4dd7-bf9c-b9123ea4d0b3,call,call,0.347656,0.230469,2.375156,1
call/5c4711e2-bf28-46aa-910b-5971ff2a051c,call,call,0.164062,0.000000,2.622671,1
call/61851689-e11d-4042-b69f-a39eec8b1076,call,call,0.296875,0.222656,2.582865,1
call/666e30a7-bc9c-4303-a1b0-d863fe9be4d0,call,one,0.125000,0.003906,2.750532,0
call/6b4190d9-5cf3-4246-82d7-420b858148be,call,stop_inverted,0.121094,0.003906,2.704841,0
call/70466420-c21a-4ccf-a085-034ff3a31da8,call,call,0.371094,0.257812,2.369904,1
call/7579f43a-8636-4baf-9a23-4ad71bbaf9a2,call,one,0.191406,0.035156,2.531204,0
call/7a8469b9-0fd0-41d1-8d56-d2f31521e723,call,call,0.156250,0.066406,2.775077,1
call/7f4e52dd-2d94-4746-859c-4aa37a9bc901,call,call,0.281250,0.203125,2.591753,1
call/84cfddb3-67a4-44ed-bd66-febbfa36e47a,call,two_up_inverted,0.132812,0.031250,2.777873,0
call/8a46b14e-761c-4e97-aee4-67d4924639f7,call,call,0.105469,0.000000,2.825004,1
call/8fbc42b0-4f5e-4944-9ea8-19b3dfdb7357,call,call,0.246094,0.046875,2.506909,1
call/94d4870e-0119-408e-8442-79dbf2a2ecf4,call,call,0.207031,0.089844,2.681598,1
call/99b45a84-33f6-4acc-91fb-268bd1cff012,call,one,0.402344,0.332031,2.296348,0
call/9e78e977-efcd-4ff4-a3d8-9f88a4345bb4,call,call,0.222656,0.085938,2.593523,1
call/a3973722-ff94-4a82-a78e-538d091d851e,call,call,0.542969,0.488281,1.950562,1
call/a88b93f6-9090-40fa-a595-32b915912af1,call,call,0.121094,0.031250,2.811960,1
call/add5d365-b864-4b89-bd98-83fac69a8dca,call,call,0.250000,0.117188,2.605559,1
call/b2dabc9d-8fb3-4086-ab82-235bbe134042,call,call,0.375000,0.269531,2.370529,1
call/b7f9655d-4813-4e81-b5f3-d9aaf67a0fff,call,call,0.250000,0.144531,2.615821,1
call/bd791c9f-685a-4b99-8597-473da50c747a,call,ok,0.125000,0.039062,2.809217,0
call/c2a3383f-13d4-40ba-a991-8c0718b00a30,call,call,0.160156,0.066406,2.761615,1
call/c79285d5-c225-4d76-9d47-1898d1d39506,call,one,0.589844,0.519531,1.771545,0
call/cca3613a-6737-4a68-98ee-6c9de701df6a,call,call,0.296875,0.226562,2.560145,1
call/d25abc6c-2a66-40ba-8ec9-b20389763f0a,call,dislike,0.121094,0.027344,2.789990,0
call/d79bef29-0c59-4405-8b3c-57f971a1263c,call,call,0.328125,0.230469,2.458458,1
call/dca7bff1-52f7-478f-9da5-3f7c47da9537,call,dislike,0.132812,0.019531,2.767725,0
call/e1f54d02-bca1-49f0-94ad-826ef99fb422,call,dislike,0.152344,0.015625,2.671671,0
call/e6c4c4d9-26ff-4ff7-bb9e-6df4c22d9d67,call,one,0.128906,0.007812,2.799525,0
call/ebdf8ae2-23ba-4166-9abf-64dec1ffaf05,call,call,0.167969,0.062500,2.715611,1
call/f0c99da1-1430-49bc-a56f-9b5443396d4c,call,call,0.140625,0.015625,2.741318,1
call/f5f3852b-fcc4-4fb1-84fa-a3a1e711ffbd,call,one,0.367188,0.292969,2.414986,0
call/fad18484-9300-4c04-a59a-3067ca56a2d4,call,one,0.175781,0.023438,2.700368,0
dislike/0000f1d1-1b41-4489-bdb4-1e43ec991c81,dislike,call,0.542969,0.476562,1.945680,0
dislike/04e1f62e-cbb5-4743-b1ae-6ea027d3a7c6,dislike,dislike,0.082031,0.000000,2.849723,1
dislike/09c849b0-65f9-4974-aa3b-91917ed8db14,dislike,two_up_inverted,0.289062,0.164062,2.490420,0
dislike/0ee2d282-5795-46b4-8f5c-d934ceebc104,dislike,one,0.144531,0.054688,2.771236,0
dislike/13f27ac5-8116-4e37-9c0b-8d456d0bee7b,dislike,call,0.207031,0.117188,2.718788,0
dislike/18e922ae-46c9-4017-957a-be7c161f7471,dislike,one,0.113281,0.015625,2.822200,0
dislike/1e2e7a4d-fe33-4902-ab04-77d75cad660a,dislike,call,0.148438,0.050781,2.791354,0
dislike/230706eb-93f6-4683-8747-c51047a4eb94,dislike,call,0.359375,0.285156,2.432958,0
dislike/28218f26-c22f-4e22-841f-4ba85f73ba82,dislike,one,0.281250,0.136719,2.538905,0
dislike/2d8d3814-6505-4881-8bf9-b38476cf6998,dislike,stop_inverted,0.105469,0.003906,2.787685,0
dislike/32b1580d-12e4-4cb7-97c2-21da3c2331a8,dislike,dislike,0.148438,0.031250,2.753468,1
dislike/37a5b725-a15e-4c26-bcda-64e5513a1c0c,dislike,dislike,0.121094,0.011719,2.814737,1
dislike/3cd20ff6-31d9-49d1-9fe8-7f83f5ba356c,dislike,dislike,0.250000,0.128906,2.548676,1
dislike/425d5db8-a4de-478f-b0d7-3286f2808cfa,dislike,one,0.144531,0.039062,2.772956,0
dislike/47bb9b36-5dc2-45c9-affc-5c6d4a7d407c,dislike,call,0.257812,0.183594,2.643939,0
dislike/4c7e27c4-582e-4276-a3a6-081fe7417130,dislike,call,0.132812,0.023438,2.785024,0
dislike/5171907a-b538-465e-b211-ff03b3e007f4,dislike,dislike,0.156250,0.050781,2.763016,1
dislike/56e53c5c-207c-4979-a0a0-2ab6ecd2c69e,dislike,dislike,0.351562,0.203125,2.327613,1
dislike/5c1c6e24-9ae0-4126-95df-a633527e9d45,dislike,fist,0.152344,0.066406,2.775992,0
dislike/6163e5ab-120c-4bfa-9ab0-fd775e7a972d,dislike,like,0.238281,0.058594,2.532845,0
dislike/667c6f8e-ec1d-4bfc-a1e5-51d897d31b6c,dislike,call,0.152344,0.054688,2.773105,0
dislike/6b8cd9df-94b8-4570-9457-ec43d22def73,dislike,ok,0.218750,0.121094,2.709149,0
dislike/70edd708-8106-4d57-83be-1d571f4fabaf,dislike,dislike,0.269531,0.097656,2.461224,1
dislike/75ec2555-7008-4e4c-bca2-a0938fc15018,dislike,call,0.269531,0.148438,2.482817,0
dislike/7b3e4549-1b82-44bb-a3be-652f7f540657,dislike,dislike,0.156250,0.054688,2.730879,1
dislike/8001e029-73c2-40e8-8db9-8fe1cac9d69d,dislike,call,0.179688,0.085938,2.750493,0
dislike/854c54b5-0281-4b08-960c-550fc8f38745,dislike,one,0.199219,0.113281,2.692907,0
dislike/8a70793a-6744-4dbe-9d37-d9d7573e5085,dislike,dislike,0.433594,0.332031,2.210206,1
dislike/8f6f2485-7fd6-4c2f-bb70-315bc6a9f88e,dislike,call,0.503906,0.449219,2.078245,0
dislike/94a5496b-5392-4c75-8c40-a9a27bfd473f,dislike,one,0.226562,0.039062,2.507209,0
dislike/9a21fd5e-fc88-4b3d-8e5c-f70ea2349525,dislike,one,0.191406,0.097656,2.733652,0
dislike/9f2c74a8-19c8-4da0-8bd3-58115b887b12,dislike,call,0.156250,0.042969,2.711227,0
dislike/a3cd28d9-4c40-4c44-925b-dc94f35c6eed,dislike,dislike,0.199219,0.031250,2.621030,1
dislike/a8e297e8-f25d-4391-8e75-02c0f0fefce4,dislike,one,0.121094,0.019531,2.802745,0
dislike/ade01e8e-ca22-496c-9b35-10d9bf1e12ee,dislike,two_up_inverted,0.109375,0.007812,2.830276,0
dislike/b3096d29-4946-4a2c-a1d0-e38bcc4b4185,dislike,call,0.195312,0.066406,2.705270,0
dislike/b844da56-2011-4270-a053-ad26c3837c43,dislike,fist,0.144531,0.035156,2.758874,0
dislike/bd2630ee-30eb-416d-abe3-807d902811ed,dislike,one,0.113281,0.015625,2.821720,0
dislike/c2982ad7-0825-40fa-9b17-814d99151d27,dislike,call,0.128906,0.019531,2.802845,0
dislike/c7efd78c-c7eb-4538-8f28-c09d44db542a,dislike,fist,0.332031,0.207031,2.445124,0
dislike/cd1b85c7-8f9d-4fa0-bc61-1f8a1cb58cb5,dislike,dislike,0.179688,0.023438,2.683172,1
dislike/d246c8dd-2a2d-4ee5-9c29-62e32682ace8,dislike,mute,0.152344,0.011719,2.692523,0
dislike/d742e988-d359-444c-875c-b58253f2876a,dislike,stop_inverted,0.371094,0.269531,2.330812,0
dislike/dc7f0301-7371-401e-b4b8-daac2589c065,dislike,like,0.449219,0.363281,2.208125,0
dislike/e15b601b-ebd8-4f69-af89-128bbdf1f2b6,dislike,one,0.160156,0.039062,2.717340,0
dislike/e6ba5566-3077-4f75-bd79-582827bd2a9e,dislike,call,0.191406,0.121094,2.727330,0
dislike/ec0c2ab8-4a73-4666-a7a1-43e591926586,dislike,call,0.250000,0.093750,2.556987,0
dislike/f0f347cb-6639-42ca-83bd-17751b2841c4,dislike,call,0.140625,0.039062,2.791518,0
dislike/f6061d14-c72e-4956-9e6e-384b1fb9319b,dislike,peace_inverted,0.199219,0.082031,2.643850,0
dislike/fad5be04-23c9-41f3-813b-1e0635f1094a,dislike,dislike,0.121094,0.003906,2.770575,1
fist/0003d89b-0472-4ad4-80f5-96e9969afff5,fist,one,0.164062,0.015625,2.720767,0
fist/057273d7-2ed2-4d50-849c-b52028b67c33,fist,call,0.117188,0.000000,2.816020,0
fist/0acd1244-4ccd-443e-b2a9-6c1b2dd32a98,fist,call,0.113281,0.039062,2.817877,0
fist/0ffd71a9-8a63-4818-b656-33a2f4d4a194,fist,call,0.203125,0.093750,2.698215,0
fist/15438dd8-e144-45e7-9d12-fb6b3d8fbb4d,fist,call,0.179688,0.054688,2.712255,0
fist/1a17acd1-8670-4ff6-a21b-4221bae84536,fist,dislike,0.472656,0.398438,2.090195,0
fist/1fc16422-9599-4108-8bde-fbd0521a66a6,fist,one,0.105469,0.007812,2.805964,0
fist/24a35f1f-cabc-4b5b-baa5-79c3e9891c8e,fist,dislike,0.308594,0.253906,2.552383,0
fist/29c739f8-c928-45b6-baec-5748561bacc3,fist,one,0.503906,0.460938,2.078331,0
fist/2ed6f7d6-138b-450d-a2b2-69c0cb5e37db,fist,call,0.203125,0.050781,2.581404,0
fist/3415c3c8-7bb8-4480-bc16-ced679059507,fist,one,0.234375,0.128906,2.571580,0
fist/391c692e-ffd5-48cd-9bee-71c3ef440c09,fist,dislike,0.144531,0.019531,2.752409,0
fist/3e199d91-27b3-41c0-8313-a9186ef6f172,fist,call,0.175781,0.066406,2.709919,0
fist/4341fa02-8814-4d3f-96af-1fd5db13b2b2,fist,dislike,0.117188,0.019531,2.831403,0
fist/47fe1f34-0606-4ab2-a90f-73348865335d,fist,call,0.148438,0.007812,2.725371,0
fist/4d390423-7e46-4349-bafa-87892b6ca0a9,fist,call,0.261719,0.171875,2.600162,0
fist/5221fe2b-30b8-4016-a9f0-5fafac0638a3,fist,stop_inverted,0.125000,0.031250,2.758151,0
fist/575234b0-3458-49b7-bfa4-d66b916a58ae,fist,call,0.101562,0.000000,2.820478,0
fist/5cb55de6-57f7-490f-bc01-e9deaa497a98,fist,call,0.144531,0.046875,2.778753,0
fist/61f373ee-b356-4f84-bf16-f249d0e24939,fist,call,0.203125,0.097656,2.678396,0
fist/671c77fb-ba05-456f-b8e7-e98c15cddc49,fist,dislike,0.144531,0.027344,2.737599,0
fist/6cad306a-bcef-4309-ab22-562307a97bca,fist,one,0.324219,0.226562,2.486238,0
fist/71f85b1d-60f8-4991-bc95-9fad0fd2b749,fist,fist,0.128906,0.003906,2.777633,1
fist/77002936-12dd-432c-8fe2-d0da8a10692e,fist,mute,0.144531,0.000000,2.650319,0
fist/7bd55967-035c-4875-a8c3-6b7ab451403b,fist,call,0.101562,0.000000,2.826403,0
fist/810ab159-f6cc-47a1-af8d-a66fdde14433,fist,mute,0.144531,0.011719,2.736485,0
fist/85abf03d-07d4-47fb-abbf-1800e5a70aba,fist,call,0.113281,0.027344,2.814115,0
fist/8b00b932-98ed-4c59-98fa-dad5e0d5b132,fist,one,0.105469,0.003906,2.801033,0
fist/903a79b9-4d8c-45de-aa3d-21a3a2ff6f6a,fist,call,0.164062,0.058594,2.754689,0
fist/9576a8ed-32aa-4aad-921a-c6b0f512cf8b,fist,call,0.128906,0.039062,2.795591,0
fist/9aa4e318-5273-418d-baa5-e0a71f1cf418,fist,call,0.128906,0.007812,2.774319,0
fist/a0366c51-5b1d-4df0-aa14-b243e178fa38,fist,call,0.464844,0.320312,2.030344,0
fist/a5369a67-ff79-41f8-ae20-1db7029e8569,fist,call,0.136719,0.019531,2.753472,0
fist/aa9c4fa5-7e20-4cd8-9dd3-506459e725ff,fist,one,0.117188,0.007812,2.814145,0
fist/b0157927-c34e-4b50-abef-86d91fe75e75,fist,two_up,0.441406,0.265625,2.041427,0
fist/b57263ce-b2cc-4d8f-acdb-b82f6aaf6a63,fist,one,0.105469,0.003906,2.780536,0
fist/baad1608-237b-4d76-abaf-ba601557e16e,fist,dislike,0.125000,0.027344,2.818943,0
fist/bf3d15e2-8e84-4f6d-96d0-ff45dccc2e15,fist,one,0.234375,0.136719,2.676675,0
fist/c3f733a2-f135-4ea4-b5fe-13f1183398cc,fist,dislike,0.167969,0.027344,2.714477,0
fist/c8e38107-680d-40c2-a5b4-a4e017191766,fist,dislike,0.109375,0.003906,2.794574,0
fist/cdc20e91-b1f7-4f17-82ba-8f3b42134aed,fist,dislike,0.160156,0.085938,2.769404,0
fist/d2df9e06-09dd-4a69-b7a6-49a824687a01,fist,dislike,0.207031,0.109375,2.688484,0
fist/d822aae3-8f61-46a9-bd4a-40dd8732f788,fist,dislike,0.128906,0.011719,2.775886,0
fist/dcf6ea8d-9241-427a-bc42-7a7175945467,fist,one,0.136719,0.031250,2.796238,0
fist/e24717ca-04aa-4942-acc1-28e7dcaff3ba,fist,two_up_inverted,0.105469,0.011719,2.810380,0
fist/e78fb791-d612-424a-b8d5-4d32001a99f2,fist,dislike,0.140625,0.019531,2.780226,0
fist/ec7128dc-4a4d-4a1c-a4ea-80870297ccd0,fist,call,0.242188,0.015625,2.440459,0
fist/f13604ed-6962-4c79-b311-2f56cb1929ad,fist,call,0.207031,0.003906,2.554893,0
fist/f63d95a0-a431-43c0-ba9e-9d1c38d58aa1,fist,call,0.515625,0.468750,2.034985,0
fist/fb1d5974-cb51-48e3-88f0-2090da822177,fist,two_up_inverted,0.312500,0.101562,2.321833,0
four/000a5e49-479b-458d-a669-08b734688ce1,four,call,0.144531,0.000000,2.755747,0
four/05465a5f-a4dd-4e28-9676-348c150f589a,four,call,0.164062,0.042969,2.714345,0
four/0a40322b-e8c9-4307-ab53-d93c8bbd80ae,four,call,0.230469,0.023438,2.520908,0
four/0f445171-21f1-432f-9cd7-4339c09b2967,four,mute,0.144531,0.015625,2.736476,0
four/1449f39c-1f9e-4c23-8aa0-daed4a93d9b6,four,one,0.160156,0.058594,2.729169,0
four/194f1a15-89ec-4ed5-a96e-fbc236e36691,four,call,0.171875,0.054688,2.757618,0
four/1e97bcb9-8315-4cf2-94c3-ff2daf5e5757,four,call,0.121094,0.000000,2.725623,0
four/23849a4b-2cbf-4be9-837c-358365cf09d1,four,call,0.308594,0.179688,2.481642,0
four/287db20e-fe7e-40e9-b6fc-e49c3278b9ce,four,call,0.175781,0.085938,2.739434,0
four/2d88d980-762f-4cb9-acbb-56eecb2e6be4,four,call,0.140625,0.042969,2.778622,0
four/328f5abb-68a3-45bf-bd6e-d59ff421ae9d,four,dislike,0.242188,0.152344,2.649351,0
four/37dd87e3-2092-47f1-8d27-be5178b2381e,four,call,0.093750,0.015625,2.825892,0
four/3d03e036-c8fd-44b4-9a20-1db5cf7365c6,four,call,0.250000,0.152344,2.613859,0
four/41fea181-6687-44d1-80ac-490742043e12,four,fist,0.406250,0.316406,2.290156,0
four/47062f56-79e9-44a2-a4b8-3fa3d57244e0,four,mute,0.152344,0.054688,2.751032,0
four/4c403fde-a799-4e6f-b468-3c0184f5e20e,four,call,0.203125,0.101562,2.721717,0
four/5123d39e-43da-4953-b237-1d7381eb1948,four,call,0.164062,0.089844,2.799679,0
four/56ac1f28-1d45-43f5-ba60-cb2b01cd2a48,four,rock,0.371094,0.261719,2.367512,0
four/5b7b9613-cbb3-450a-a364-08a615650519,four,call,0.144531,0.019531,2.713192,0
four/609fa79e-0147-48f2-b549-2f0b040133c2,four,call,0.136719,0.039062,2.812004,0
four/66245480-445b-4e9f-81e3-684c5699e996,four,call,0.113281,0.031250,2.840553,0
four/6b14fbc7-3365-4ca7-8df3-1f4007078b03,four,call,0.175781,0.078125,2.756453,0
four/6fead394-5590-4be5-86ca-da85f4c8b37c,four,call,0.171875,0.015625,2.686693,0
four/75241a1c-9b57-4e73-a947-984d791c2c0a,four,call,0.152344,0.019531,2.743366,0
four/7a42e2eb-2bc7-4eda-ae48-1829a04923fa,four,call,0.179688,0.105469,2.751043,0
four/7f475d2d-3e71-4073-a25b-172a57cc3cd0,four,call,0.125000,0.003906,2.794475,0
four/83eab03b-c6dc-40b9-8094-31ece6cd7563,four,call,0.195312,0.097656,2.725323,0
four/88e6ae8b-7203-4ace-9631-1cb7adb6cf5f,four,call,0.386719,0.269531,2.292970,0
four/8de871d7-f1d4-4835-a966-e0db97bd505d,four,call,0.171875,0.007812,2.664325,0
four/937db17b-421b-441f-a140-d6cea7845ef6,four,call,0.472656,0.375000,2.133931,0
four/98a72f4e-b7b2-40a6-a5b2-9737e8306cee,four,call,0.347656,0.230469,2.390996,0
four/9dc04126-bcbe-447d-a045-763e1c91c291,four,one,0.246094,0.121094,2.613593,0
four/a2a07941-09d2-42e4-9947-08dad996b75f,four,call,0.253906,0.191406,2.673600,0
four/a7f57b34-8f6a-4577-9386-9e346c789d4d,four,two_up_inverted,0.234375,0.105469,2.634004,0
four/ad0dff6f-e331-44fe-b9e1-0a2241456508,four,call,0.179688,0.035156,2.682645,0
four/b25dd42e-2b64-46fa-9651-ef4a24c65a14,four,call,0.261719,0.089844,2.518813,0
four/b794144a-aa26-470f-914c-68abaad50216,four,call,0.179688,0.082031,2.759458,0
four/bd2b9eca-8c8f-42fd-8df8-69b8b97eee0f,four,call,0.230469,0.066406,2.540591,0
four/c2189a1b-dc28-49c7-bb22-c9cf84682785,four,call,0.332031,0.195312,2.397236,0
four/c74252c8-c905-4225-9fc0-c5d3a686e302,four,dislike,0.125000,0.042969,2.805754,0
four/ccb0976f-50d2-4a9f-bc14-7a4c93fc6855,four,call,0.242188,0.156250,2.659603,0
four/d18252da-91b1-4a76-b4f8-eaf17026a5cc,four,dislike,0.136719,0.007812,2.739008,0
four/d6ba3340-1fd2-48d8-90a8-0931b7cb9a27,four,call,0.441406,0.320312,2.160768,0
four/dbc6a596-2ad3-4d23-8f01-09bbb1e2604a,four,call,0.207031,0.117188,2.711893,0
four/e0d00687-5172-4bcc-8ac4-8485c95961ec,four,call,0.140625,0.003906,2.742198,0
four/e5e71401-161e-47fa-8e72-3d707f0f7b4f,four,two_up_inverted,0.171875,0.027344,2.636881,0
four/eb99b42c-4d27-495f-a19f-45cec7cbdd6d,four,call,0.289062,0.230469,2.590018,0
four/f0bb7321-0e74-4a15-9a8e-e3ab073ebe7c,four,call,0.148438,0.023438,2.714630,0
four/f6053c4f-eb05-46bd-be11-9e47865454d9,four,fist,0.351562,0.257812,2.432941,0
four/fade369d-b2cb-4128-ad6f-c71bf2b2fed4,four,one,0.109375,0.003906,2.821869,0
like/0001a82e-14af-4db8-bfec-8b09f67612d2,like,two_up_inverted,0.132812,0.035156,2.788199,0
like/052fe08c-d63b-4884-bbf3-39bc970dd328,like,call,0.281250,0.167969,2.487018,0
like/0a630599-490f-4cf7-9481-ae64dd018b29,like,mute,0.191406,0.058594,2.666923,0
like/0fa23b96-d687-4c9e-9fec-3afa1ca1c6e8,like,call,0.222656,0.097656,2.639646,0
like/14dcd605-2e1c-49fa-ba3f-febaa2706cbe,like,one,0.113281,0.007812,2.791781,0
like/1a24d6f9-62bc-4138-bc63-5db9a3f488a5,like,call,0.167969,0.054688,2.724065,0
like/1fa980bb-00ca-4af7-b515-229eddbcf8e5,like,call,0.183594,0.082031,2.738145,0
like/24fd2c1a-0593-46c1-8c31-d5b7cce93623,like,call,0.289062,0.039062,2.292540,0
like/29f90bf2-78a3-4591-be7c-f9041b11cf36,like,dislike,0.148438,0.007812,2.718142,0
like/2e8f1dec-6ff7-458a-b5b2-6a2468d42027,like,call,0.281250,0.175781,2.569478,0
like/33bd121d-a0ab-4ba3-982b-ef9852a17e50,like,dislike,0.195312,0.093750,2.733067,0
like/390be51f-8825-4767-9d4c-4ecb6c780abd,like,call,0.148438,0.058594,2.795744,0
like/3e1687b4-e4e8-4356-a943-f878b52ec147,like,fist,0.093750,0.007812,2.823588,0
like/4306a52e-6fb0-48e7-9f4f-1c4aa1b874f4,like,call,0.117188,0.007812,2.806036,0
like/4823ce31-24e4-40cf-a384-4226059773d3,like,call,0.136719,0.027344,2.756189,0
like/4d613548-fe31-4579-be77-e65611fafc79,like,fist,0.113281,0.015625,2.794861,0
like/52860ff0-e0d4-4189-b63e-ed43bce7906a,like,call,0.160156,0.050781,2.731347,0
like/57a18637-9199-4c81-85d2-172edd86f040,like,call,0.367188,0.300781,2.422139,0
like/5c675347-b5b3-48e7-8074-5a3ed186663b,like,call,0.234375,0.148438,2.623974,0
like/61ba4fc7-679e-49c8-bea2-d62fdf61d7ce,like,call,0.367188,0.285156,2.393980,0
like/66d34e23-5b81-4ebe-be7c-e28b153550bb,like,call,0.117188,0.042969,2.838953,0
like/6c0c0607-8c10-4616-a2e6-00de3fe30afa,like,rock,0.273438,0.140625,2.453612,0
like/7109c1fc-2460-40bf-bf28-dfa4baac7151,like,call,0.136719,0.003906,2.760453,0
like/763a95ab-cc22-4669-b48b-f2b3d3ea0b75,like,call,0.167969,0.074219,2.750619,0
like/7b0be5cb-c671-403d-a8cc-da2af16906d3,like,call,0.171875,0.039062,2.735503,0
like/809b3a9f-f8d8-4b32-b271-c82840c07fc5,like,ok,0.218750,0.070312,2.543242,0
like/85a11adc-8da1-40e1-8aa0-f446f13ed90e,like,call,0.253906,0.093750,2.458200,0
like/8a74f747-9aef-4dc5-ab05-6e79736da7f4,like,call,0.171875,0.078125,2.761418,0
like/8fad4b3b-39f2-4b87-bec6-386e3a17f332,like,two_up_inverted,0.101562,0.007812,2.846208,0
like/94dfd0bc-2759-4f48-ad79-a72bb4f6f5b0,like,call,0.195312,0.121094,2.751872,0
like/9a30c276-9ef9-46bd-93e2-e340dd8c43b7,like,peace_inverted,0.230469,0.121094,2.648767,0
like/9f4df391-b290-459d-a582-4344a8057b84,like,call,0.226562,0.121094,2.682795,0
like/a4a5a2ad-deee-48b6-b820-d0f82bafc645,like,call,0.121094,0.003906,2.778959,0
like/a9b70e98-7232-48db-a03f-f66fc28022c4,like,call,0.195312,0.121094,2.755422,0
like/ae625bfc-bd1e-41d9-9d63-1e338922ad37,like,call,0.160156,0.066406,2.742620,0
like/b342ec85-6ef5-484d-958b-c9ddc050ba87,like,call,0.210938,0.039062,2.598141,0
like/b847d093-7263-4a9a-be83-7b5e89980cdd,like,call,0.207031,0.109375,2.690399,0
like/bd863070-35f7-4374-b9fb-bed694a87e1f,like,like,0.261719,0.156250,2.626380,1
like/c267bd03-82d9-492f-b0eb-2d52fe2b7795,like,call,0.136719,0.000000,2.735004,0
like/c713e452-ad29-4d87-8017-4d31a7a9c604,like,two_up,0.121094,0.015625,2.791371,0
like/cc5383f0-cbfa-4ae1-9dc7-93d0a5eef77f,like,call,0.109375,0.003906,2.824295,0
like/d1987233-e731-4ebc-b6a1-279b5891e07d,like,call,0.203125,0.101562,2.699019,0
like/d68f8520-c4ab-4c21-889f-d1edcee52380,like,call,0.164062,0.066406,2.766949,0
like/db672759-364b-495d-8957-81b22ffbe107,like,call,0.152344,0.054688,2.747267,0
like/e0d49698-1a09-4d5a-b71c-06d59f1edf1e,like,call,0.304688,0.210938,2.499024,0
like/e602ec10-4006-4e66-92d7-113153e0a8e3,like,call,0.246094,0.039062,2.493553,0
like/eb434bd2-264c-4a12-bb2c-c1d2a486b2ba,like,call,0.109375,0.007812,2.821984,0
like/f0497087-2eab-4707-8fe4-3af3fbe5950d,like,call,0.140625,0.042969,2.761833,0
like/f574be9f-9b74-47b2-9151-b1259666c340,like,ok,0.214844,0.093750,2.643128,0
like/fadbd24f-1e27-48db-b1fc-6eef750725e3,like,mute,0.171875,0.066406,2.767349,0
mute/0000645d-0f12-49ce-b730-fa0213086ec8,mute,call,0.222656,0.125000,2.669227,0
mute/0538d047-676b-47cd-b5fd-0dd6530291aa,mute,dislike,0.132812,0.023438,2.718744,0
mute/0a3c6dd2-c2ad-4409-b278-23ac27c7c9d7,mute,one,0.097656,0.011719,2.816293,0
mute/0fac4fbd-36a6-4960-afa2-6cabca8c5393,mute,call,0.292969,0.214844,2.529713,0
mute/14b83ca2-cf19-40c7-abd3-a37911736d52,mute,one,0.152344,0.046875,2.800375,0
mute/1a070534-5bb1-4fad-8a20-a49b411409c6,mute,call,0.273438,0.152344,2.491316,0
mute/1f1f4f65-65cf-4429-91d6-6d5549b145ee,mute,call,0.324219,0.250000,2.525955,0
mute/23fdb6bd-749b-4b2f-ade1-44191d9110db,mute,call,0.210938,0.062500,2.632749,0
mute/295f4225-b269-47c6-b7b1-3477275a6087,mute,call,0.398438,0.324219,2.343129,0
mute/2e72a384-d232-4474-bc3e-dd5a4d49a879,mute,one,0.140625,0.027344,2.778996,0
mute/33e5c7d3-d57b-4890-8173-dd0dd612056a,mute,call,0.117188,0.011719,2.791141,0
mute/391d395b-8be6-4831-ba36-329c9450ff50,mute,call,0.253906,0.140625,2.573471,0
mute/3e3a3699-aaff-45a4-877d-796c89da1586,mute,call,0.312500,0.234375,2.542627,0
mute/4331fe0f-d59f-4fd7-a826-279aeba3b871,mute,call,0.277344,0.183594,2.548114,0
mute/4851bc2a-a212-4b9a-8390-113302923430,mute,mute,0.554688,0.453125,1.817159,1
mute/4d3e65d4-4d7b-4ac9-8021-78dc81a54c18,mute,call,0.132812,0.011719,2.783538,0
mute/52527040-3cc2-40b4-9e14-7acba8783be9,mute,call,0.378906,0.261719,2.308518,0
mute/57ab2015-d40e-4568-b2ac-eab2183bf8a6,mute,call,0.121094,0.007812,2.729008,0
mute/5c68b1fa-d3e9-4ba9-aa39-a27a9deb7103,mute,call,0.195312,0.062500,2.634720,0
mute/6173c725-b52d-4e7f-a776-9ef5b6bbb36d,mute,one,0.265625,0.179688,2.615792,0
mute/669cfebf-a75c-4c6e-af05-4a5002bb07c1,mute,call,0.125000,0.015625,2.787982,0
mute/6b7d23ba-e770-4b1c-b92a-105c51165f2f,mute,call,0.140625,0.003906,2.742873,0
mute/70930623-165d-473f-85ab-a0bf974f3ccd,mute,mute,0.156250,0.062500,2.743333,1
mute/75dfbb1d-8d35-41ed-b36f-da5caab570b6,mute,call,0.105469,0.027344,2.870014,0
mute/7b474d6d-a63f-410c-8b0b-1f33a341dd2d,mute,one,0.113281,0.035156,2.854306,0
mute/801c4515-0059-48e1-a40b-16cd071cdaba,mute,two_up_inverted,0.292969,0.121094,2.451231,0
mute/850d1f87-3502-40a1-8517-7c88cf3197bf,mute,two_up_inverted,0.125000,0.011719,2.813572,0
mute/8a4c5b9a-7a8c-4a2b-9d97-13ad60f7d54c,mute,call,0.109375,0.031250,2.843912,0
mute/8f39819b-e976-4ffd-95e0-df9742f5b220,mute,two_up_inverted,0.113281,0.023438,2.811466,0
mute/93ea51cf-db6b-4b4c-8c64-e4434fd174f9,mute,call,0.113281,0.023438,2.820516,0
mute/98ddf576-10dd-4105-8722-995a2e0a6079,mute,call,0.210938,0.089844,2.665668,0
mute/9db3fe51-2447-4740-bd8a-f40091467d5a,mute,call,0.171875,0.070312,2.771734,0
mute/a33055de-7c24-4dcc-b5ce-83b1cea34309,mute,call,0.222656,0.097656,2.644455,0
mute/a802f254-774a-4965-bfe6-3623e5ab3868,mute,one,0.160156,0.054688,2.774401,0
mute/ad8edf0d-d5b2-4ff3-8da3-805b7c16bfa5,mute,two_up_inverted,0.117188,0.007812,2.801507,0
mute/b299949e-f30e-4ee0-9711-9ae77fad8e8b,mute,call,0.234375,0.164062,2.695939,0
mute/b8292526-918a-465c-a931-eed7238118f2,mute,call,0.257812,0.175781,2.636588,0
mute/bd1c13eb-e24c-4375-9aa4-7d28d85809c2,mute,ok,0.429688,0.332031,2.180650,0
mute/c2102cf3-f791-4b62-850c-6e314d0e5808,mute,mute,0.636719,0.601562,1.671787,1
mute/c764f650-0385-41fb-95ff-a030fb2e6b86,mute,two_up_inverted,0.117188,0.003906,2.800538,0
mute/cc64c658-81d1-4172-b58b-05b826b4749c,mute,call,0.167969,0.074219,2.727771,0
mute/d17d0664-6701-4bcb-b326-4a3026d5a4dd,mute,call,0.414062,0.316406,2.270476,0
mute/d6fbaf16-5fd6-4a26-ad54-96a635f025bc,mute,call,0.121094,0.007812,2.795010,0
mute/dbec41b7-f614-49ce-9ed0-5b5683141d30,mute,call,0.187500,0.101562,2.743665,0
mute/e13cb164-3471-47aa-91c1-2ec1f996e578,mute,call,0.226562,0.082031,2.619613,0
mute/e642404b-2641-4915-8d2d-567ab4b24eb6,mute,call,0.382812,0.312500,2.384197,0
mute/eb6d87c6-5f22-4bad-aa9f-55a403daf681,mute,call,0.132812,0.011719,2.783039,0
mute/f0a39a4c-a02f-4bd1-b598-cd5cdf97044d,mute,call,0.136719,0.039062,2.790302,0
mute/f59b999e-402f-4367-aa92-9b4183f003fd,mute,call,0.500000,0.429688,2.027989,0
mute/fad5b6d1-c1ec-4304-b0ba-684c830b84a7,mute,call,0.218750,0.128906,2.678374,0
ok/00032efa-156c-4c47-b4e7-e5d793634926,ok,one,0.238281,0.144531,2.671585,0
ok/04b409ae-4684-41b1-87d0-a4a0c93301f2,ok,call,0.328125,0.234375,2.475252,0
ok/098a1be1-9a26-4375-b378-1503fec2de1b,ok,call,0.183594,0.097656,2.757941,0
ok/0e8e8b82-9ce6-4eac-be20-fd9306fd2128,ok,call,0.105469,0.003906,2.814787,0
ok/13973be0-fd38-4d89-8b49-088cb6f666a8,ok,call,0.148438,0.046875,2.781202,0
ok/18ef1816-b95d-4e9a-b311-78adb750c29a,ok,two_up_inverted,0.246094,0.171875,2.652704,0
ok/1e87893c-4c2a-4175-8d66-9ea89cf550ec,ok,call,0.113281,0.003906,2.795485,0
ok/239a08e9-eb66-4f46-98fd-02f97ad86f97,ok,dislike,0.171875,0.023438,2.711374,0
ok/28bd4bdc-a35f-464d-834d-df21c152d6a4,ok,dislike,0.140625,0.015625,2.753401,0
ok/2e0368c1-df25-4b38-85ef-99c2a5d5825d,ok,fist,0.175781,0.023438,2.691031,0
ok/3336d9f2-5ff8-4658-bec4-f5eedfb1d7ca,ok,call,0.183594,0.089844,2.752795,0
ok/384937a1-1cda-4bb1-83db-a67ec2383dac,ok,call,0.125000,0.000000,2.762558,0
ok/3d635940-f38a-4dfa-a3eb-b92cfc11055b,ok,dislike,0.101562,0.000000,2.844463,0
ok/421ddf9f-3a3f-4624-84a1-d1ce9ff829e2,ok,call,0.191406,0.082031,2.708112,0
ok/46c51c94-2996-4f4e-b0e2-3720d6d7f22b,ok,dislike,0.144531,0.042969,2.783270,0
ok/4be06521-0c78-49b2-8b75-191367f83786,ok,dislike,0.156250,0.062500,2.756144,0
ok/511ba89b-2dc4-46e7-bf79-1865b62d4af2,ok,call,0.105469,0.000000,2.817500,0
ok/565a591b-bf11-4673-b190-6cbfd104193e,ok,two_up_inverted,0.402344,0.312500,2.294733,0
ok/5b35dbfa-66bd-464b-8148-1eb0c8d2e114,ok,call,0.148438,0.007812,2.757726,0
ok/60372d68-d6dc-47f5-bf93-c27f34d82421,ok,call,0.144531,0.031250,2.751324,0
ok/657933e0-51e1-4fb5-a000-5a6bcc8e09fb,ok,call,0.121094,0.019531,2.795838,0
ok/6a937173-97f6-4fa7-a5d5-a6eafe612ab1,ok,call,0.164062,0.046875,2.758898,0
ok/6fa94bfb-8067-420d-bd7f-b1ac016ecf48,ok,call,0.132812,0.007812,2.752548,0
ok/74ec624f-cabc-4275-afc4-47b635d483f5,ok,call,0.218750,0.054688,2.534762,0
ok/7a1ec79a-0052-45d6-bfc8-f0362e352bc0,ok,dislike,0.222656,0.101562,2.640177,0
ok/7f0136af-5e2f-4ba5-942f-010ff6254b90,ok,one,0.195312,0.117188,2.724581,0
ok/83e69fab-b5e4-4a77-a195-8faec1645f16,ok,call,0.148438,0.042969,2.763581,0
ok/8907d396-22f1-4a73-8859-14b6077b2f5e,ok,call,0.234375,0.171875,2.686046,0
ok/8e14a920-94de-4402-9453-a77b898ed107,ok,call,0.320312,0.195312,2.446258,0
ok/935c1dbc-6bb3-489a-86c2-6b3e80a5c68f,ok,peace_inverted,0.347656,0.203125,2.305487,0
ok/9876b3c4-3d65-49ab-ac03-249cc481d081,ok,dislike,0.117188,0.015625,2.778286,0
ok/9d544fc7-a313-4930-b123-280e08519dcb,ok,call,0.175781,0.082031,2.779311,0
ok/a26a7fdc-001b-4aa1-9507-2de17aba0bea,ok,call,0.152344,0.042969,2.774637,0
ok/a745dc15-0b11-471f-8734-d7077fd5ff5f,ok,call,0.105469,0.007812,2.811811,0
ok/ac66bb05-ef5a-4008-a607-bd4611bf0f09,ok,call,0.316406,0.222656,2.478326,0
ok/b1d2c9de-34be-44ac-a28c-9ba09859ea9e,ok,ok,0.167969,0.011719,2.686091,1
ok/b6c110f6-164c-429f-9a5e-4c7e7984cd65,ok,call,0.128906,0.007812,2.790411,0
ok/bba74c71-5c6c-48e8-9220-5fd831a739e1,ok,call,0.218750,0.121094,2.695565,0
ok/c0ff2896-7278-4f14-adc4-86f57f3af240,ok,call,0.105469,0.011719,2.796884,0
ok/c657e6ca-017e-440d-8aab-52a288c8bde7,ok,call,0.175781,0.089844,2.759411,0
ok/cb775728-3f13-45e6-a00d-2c9ad2c97ca0,ok,call,0.105469,0.031250,2.818438,0
ok/d0d281cc-6366-480c-aeee-daaafea50b0c,ok,call,0.167969,0.058594,2.754039,0
ok/d5b8ecc1-999a-4223-baf1-de83bbf99bfd,ok,call,0.175781,0.058594,2.699726,0
ok/dae287b1-e00b-45ca-a6e9-9b5df55e60bc,ok,call,0.144531,0.054688,2.760013,0
ok/e0682376-b486-40b2-b374-69c279bfc0ce,ok,dislike,0.308594,0.179688,2.510954,0
ok/e5d1850f-f19b-43a4-9443-7616f9ae489e,ok,call,0.105469,0.003906,2.824087,0
ok/eb4e1c22-75d5-4909-a142-6c7887ec8143,ok,call,0.128906,0.003906,2.788139,0
ok/f07fd1d1-009b-4866-8c56-e1524efcc0cd,ok,call,0.183594,0.050781,2.673777,0
ok/f5db7c16-0561-4f10-8b1f-5e0dc11cfc8a,ok,call,0.187500,0.082031,2.715381,0
ok/fb03cc37-339f-483d-9171-6017ad7af519,ok,peace_inverted,0.144531,0.042969,2.772687,0
one/00004bf6-0967-44bd-a858-20244a90a0a6,one,dislike,0.121094,0.023438,2.773782,0
one/04d83270-e3fe-4c28-ad3f-3cebcdacf9f2,one,call,0.101562,0.019531,2.837556,0
one/09ff745d-c990-4de0-8200-dd2382d4e5bf,one,call,0.148438,0.003906,2.735287,0
one/0f3322d6-e395-4e75-82c2-7c1a53cfa0ef,one,fist,0.191406,0.082031,2.714703,0
one/142d55a1-351a-4b38-821b-3663ee5b9775,one,call,0.195312,0.093750,2.691515,0
one/19a16fd5-5d7e-4122-829e-5a09cf3e0f80,one,call,0.460938,0.363281,2.165485,0
one/1eed1420-9526-4e4d-a37b-5b56b095e40c,one,dislike,0.183594,0.082031,2.702587,0
one/23fd4e3f-40c5-4512-9509-fad55ecb978f,one,dislike,0.144531,0.019531,2.747442,0
one/294befeb-89ba-431d-844f-1ff018c5f5c9,one,dislike,0.164062,0.015625,2.767496,0
one/2e3a068f-da27-44ee-9dbb-7280e8db24d4,one,call,0.140625,0.011719,2.756101,0
one/336ec8fb-0258-482e-afef-764f143c8882,one,call,0.214844,0.113281,2.619384,0
one/38a1ea2f-0014-43a1-8898-139d5488614c,one,one,0.250000,0.054688,2.476841,1
one/3dbb7aad-5efb-4766-8f92-d8b9d243f758,one,call,0.128906,0.027344,2.793694,0
one/42c0c323-fa8a-480e-8769-7edd272a3cd2,one,call,0.250000,0.160156,2.627748,0
one/47a95644-53a5-4ce4-9f3e-6a50d75c79b9,one,two_up_inverted,0.156250,0.054688,2.743071,0
one/4cbf229c-d8ea-4a58-97bf-41b020a59b41,one,call,0.273438,0.156250,2.578083,0
one/51afe8c5-2a38-4bee-8c00-60210df0e0c2,one,call,0.144531,0.027344,2.759079,0
one/569905e9-412b-4227-b7ef-2afabc10b14e,one,call,0.156250,0.050781,2.760355,0
one/5b7e5b57-81ed-403a-89b4-a2588c15e239,one,two_up,0.187500,0.058594,2.587926,0
one/60b4bb5b-1ee3-428b-b653-3764d4497c59,one,call,0.277344,0.179688,2.568045,0
one/65df8e15-ad52-460d-9025-d4779e8edfc9,one,call,0.257812,0.140625,2.545792,0
one/6b168ad1-af16-4104-8d84-dd488c7cba55,one,call,0.234375,0.121094,2.641931,0
one/707785e7-9fa2-4ac8-a5e5-daf6b22698c1,one,call,0.304688,0.234375,2.521180,0
one/75d5aff1-5ef9-4dee-925d-42040f20e5aa,one,call,0.250000,0.152344,2.614712,0
one/7ab2d3d3-19ac-4acd-bb79-195b7019650f,one,ok,0.253906,0.175781,2.604467,0
one/7f8a02c0-e80f-4bd8-9359-be1208992604,one,dislike,0.160156,0.050781,2.724130,0
one/842c24eb-e6ad-40fb-9213-152fd7fc6f55,one,dislike,0.156250,0.078125,2.781280,0
one/89ba4006-1ca1-4603-894a-19063cbfbdca,one,call,0.265625,0.164062,2.565691,0
one/8e7a58c3-5dd8-4e1e-93bc-d8ce56c817e1,one,one,0.125000,0.035156,2.798513,1
one/939305bd-3469-4019-9d7d-5a3c858bfb83,one,call,0.285156,0.203125,2.556304,0
one/98ccd7c3-169a-4eba-a7ed-ff623c9dada8,one,call,0.152344,0.046875,2.748435,0
one/9e142b3c-f37b-42fe-83a8-5bab80aa21ea,one,one,0.179688,0.093750,2.747976,1
one/a332a80e-7285-44b2-9e84-ddd52a71583d,one,rock,0.316406,0.210938,2.442243,0
one/a816f6b9-c589-4afb-b302-b9f93adb82cb,one,one,0.312500,0.164062,2.448962,1
one/ad6ca89c-6ec4-4234-8420-a58d7a36a2ff,one,dislike,0.140625,0.054688,2.786276,0
one/b279d72e-8534-4d4e-8ec9-897b74074601,one,call,0.160156,0.074219,2.782710,0
one/b7d6c3d6-ccac-4f28-94b1-30a3f7b2840a,one,two_up_inverted,0.355469,0.191406,2.325845,0
one/bd6d303a-db73-4b92-8f96-390c62b9addc,one,rock,0.121094,0.011719,2.762400,0
one/c2506e59-a223-4c75-8e2a-a8d1eec81eae,one,dislike,0.277344,0.109375,2.492308,0
one/c76cfae3-b55e-404d-829c-cc1dacdea730,one,call,0.144531,0.050781,2.784706,0
one/cccdddc7-8616-4d61-b95a-a85d6f6cc6ba,one,call,0.167969,0.089844,2.768589,0
one/d1f4e44f-de81-407f-aece-7052ee8ad519,one,call,0.125000,0.007812,2.795546,0
one/d72b352d-a515-497a-973b-b9758b588192,one,call,0.203125,0.089844,2.702778,0
one/dc04f609-bde3-42ca-8c47-3d3f5e3e22b7,one,call,0.160156,0.066406,2.780091,0
one/e15c1512-6fd6-42f4-885c-4f98d3d8c364,one,call,0.179688,0.082031,2.736643,0
one/e6642818-d4be-4a60-805e-d7b2cdfeaacf,one,dislike,0.156250,0.074219,2.773288,0
one/eb86f585-b91a-4cc2-b544-62410fc0f519,one,two_up_inverted,0.101562,0.015625,2.853170,0
one/f0c37266-f020-4985-ae94-47181c532a3b,one,one,0.113281,0.007812,2.769505,1
one/f60427bd-c428-4919-8a32-44d87ba32056,one,call,0.171875,0.089844,2.766418,0
one/fb0634c4-e606-4ff0-9fa9-964f6dda6352,one,call,0.238281,0.171875,2.696279,0
palm/00008ff0-b235-4007-8466-a98e2c5b8ccb,palm,call,0.421875,0.363281,2.269842,0
palm/0517a6ce-1717-435c-989e-cb2e053965d7,palm,two_up_inverted,0.125000,0.031250,2.795479,0
palm/0a601ae4-10c1-4e70-af22-7eeeacc6a991,palm,ok,0.191406,0.078125,2.679913,0
palm/0fb14ed3-5456-40e3-8e70-e44856ebb8db,palm,call,0.195312,0.062500,2.696099,0
palm/14c5c803-0d56-44a2-a30e-1206b33af291,palm,one,0.152344,0.035156,2.727911,0
palm/19d7c129-3119-4f22-8417-a0a2def32455,palm,one,0.152344,0.019531,2.657558,0
palm/1ee825b9-fb56-4381-a31b-e49cfdd21c88,palm,palm,0.371094,0.242188,2.278917,1
palm/2467f8fc-8462-4d1a-bb68-58a315c28428,palm,call,0.214844,0.128906,2.679280,0
palm/2990bb08-6505-4cee-994a-dfd88df35f27,palm,call,0.375000,0.261719,2.348631,0
palm/2e7c00f7-690b-4c77-b3cb-315e32693883,palm,call,0.320312,0.207031,2.488322,0
palm/33b91ab0-1435-42b7-8d69-ed8694488b2b,palm,call,0.152344,0.066406,2.759490,0
palm/38d0e608-b411-4fc7-91b6-5998ca7fabb5,palm,call,0.257812,0.136719,2.573120,0
palm/3d8800e0-50fa-4d74-a6c2-576db445d4c0,palm,fist,0.128906,0.007812,2.771245,0
palm/428fe16e-3156-45cb-a9aa-df5b16ce0fff,palm,palm,0.199219,0.058594,2.586737,1
palm/4755d2ca-1d1c-4bd5-a88b-de8e497b52f0,palm,rock,0.203125,0.121094,2.714378,0
palm/4c65e923-d92a-4747-abc9-4945203298d9,palm,one,0.496094,0.437500,2.052598,0
palm/511f3c3f-e696-48ea-9640-0608630b6dc9,palm,call,0.125000,0.011719,2.779597,0
palm/56484b8c-91de-4461-9464-ae36f9bf6320,palm,call,0.214844,0.113281,2.677966,0
palm/5b75cc51-b791-43a5-ac06-3035d162bedb,palm,rock,0.449219,0.308594,2.061613,0
palm/60f8a7a0-b8a9-4bf8-8345-604e91e64282,palm,call,0.093750,0.000000,2.825116,0
palm/65ce01a3-8d95-4d5f-ae9c-6b62c346e3d4,palm,call,0.214844,0.097656,2.671548,0
palm/6aa8da4a-778c-4d99-aecb-b22f05cf6fc3,palm,call,0.175781,0.011719,2.654788,0
palm/6f7f2549-bca0-42d1-90f4-226af5df1d26,palm,call,0.300781,0.183594,2.526904,0
palm/7503470a-b82e-41ff-a1cc-07131703e604,palm,one,0.195312,0.082031,2.700920,0
palm/7a4cfd3c-2116-4d7b-9c3b-8df9923a20e8,palm,call,0.175781,0.078125,2.752178,0
palm/7fd761a3-bf82-4152-9c00-8070678ded03,palm,call,0.285156,0.195312,2.564883,0
palm/84a10e57-6ff8-47aa-a427-bbd74e73a79d,palm,call,0.503906,0.324219,1.871470,0
palm/89e3c7fc-4dbd-4659-8ba8-27c8d4e5f032,palm,two_up_inverted,0.230469,0.050781,2.537693,0
palm/8ee3c435-7af3-413f-9b32-a6439a03b86f,palm,call,0.156250,0.050781,2.756713,0
palm/940be1c5-cca8-4b7c-a866-51fb02d5b6e8,palm,call,0.183594,0.082031,2.730196,0
palm/9923898e-48e1-4f28-8db9-3cd4013d05f9,palm,call,0.175781,0.093750,2.742005,0
palm/9e93f7bf-2559-4c79-ba8b-f84d3b6cb66f,palm,call,0.144531,0.058594,2.804914,0
palm/a3972b37-badb-42b8-a97f-be58778253a6,palm,call,0.242188,0.152344,2.645798,0
palm/a8fa2403-d770-47c6-a79a-cb91775f9791,palm,dislike,0.187500,0.007812,2.617968,0
palm/adf7b887-6b34-4418-a803-c6961e6f7989,palm,call,0.152344,0.078125,2.780033,0
palm/b382c70c-ba37-4e4f-8479-58aa348bdf73,palm,peace_inverted,0.449219,0.371094,2.159916,0
palm/b84e20b1-571b-41ca-9e24-43cefab37c78,palm,call,0.183594,0.105469,2.754920,0
palm/bda363b2-9e0e-456f-970a-968a7506dc50,palm,call,0.515625,0.394531,1.932337,0
palm/c28f58f2-22e9-47ca-86ea-b63a6cc2f609,palm,call,0.128906,0.015625,2.793512,0
palm/c7ac9dfd-7c86-4a04-b780-0181e449881d,palm,call,0.250000,0.179688,2.661387,0
palm/cd03372f-591b-4359-b72d-b99184c8eddd,palm,call,0.394531,0.242188,2.249136,0
palm/d253fb6a-0693-4ff1-9fdc-9b6b74538d60,palm,call,0.218750,0.035156,2.545740,0
palm/d7838976-88ed-4642-b693-118e1f52bb52,palm,call,0.589844,0.527344,1.805086,0
palm/dc421eb6-b6fe-4c1d-99f9-24cb0a2b6a1b,palm,call,0.117188,0.035156,2.835149,0
palm/e18117bf-ba86-42c3-92d0-c7c0516ca470,palm,call,0.156250,0.070312,2.815426,0
palm/e674734f-28c2-4b92-b995-53166de36ac1,palm,call,0.273438,0.156250,2.555965,0
palm/ebbd137a-f046-4074-9403-02a30bfbf880,palm,call,0.207031,0.019531,2.608694,0
palm/f0b85b10-99d7-4f32-b97f-f1e406f98c3d,palm,peace,0.222656,0.054688,2.593898,0
palm/f5c02aa5-5fb3-4815-9a73-ef00b676c1a5,palm,one,0.300781,0.226562,2.569054,0
palm/fac2517f-6c4b-4b07-ba8f-aaa17fbe659a,palm,call,0.199219,0.128906,2.729760,0
peace/0000c7f7-f45a-4621-a92a-57314264950f,peace,peace_inverted,0.343750,0.179688,2.237420,0
peace/050dabcd-b592-4f0d-81b0-943e348d256a,peace,call,0.160156,0.039062,2.728188,0
peace/0a63f5da-f41c-4f1c-a3ea-dd6794f09938,peace,call,0.207031,0.089844,2.642617,0
peace/0f860b9b-7218-46d4-ab82-5cbbb81a09a0,peace,fist,0.496094,0.445312,2.087435,0
peace/14d887c9-1c9b-4ee5-8229-e01f317446bb,peace,call,0.156250,0.042969,2.768187,0
peace/1a181991-86e1-4c84-9ed7-2f0a3012ab67,peace,one,0.351562,0.250000,2.415340,0
peace/1ed7369d-3682-476f-be78-ad903716457d,peace,one,0.199219,0.070312,2.669207,0
peace/23ac2541-68d9-416f-a5d5-e94d84ac1eae,peace,call,0.152344,0.058594,2.781557,0
peace/2908f4ea-dbea-4e9b-a605-111b99a63bc9,peace,call,0.429688,0.253906,2.107358,0
peace/2e5e6ef9-d652-47c1-b0b8-6acbe0145da7,peace,call,0.117188,0.031250,2.817600,0
peace/332884a3-c084-47b0-b660-f575273316af,peace,call,0.132812,0.023438,2.730374,0
peace/3865ca73-69b7-49d0-b2a9-8a407082f433,peace,call,0.109375,0.000000,2.804787,0
peace/3d343bf2-d25f-40cb-9785-840d488f29b5,peace,call,0.117188,0.031250,2.809782,0
peace/423aac77-9280-4f19-b21f-d1361eaad177,peace,call,0.523438,0.414062,1.894226,0
peace/477da7fd-cb9e-499e-ba96-9266c4e13612,peace,call,0.144531,0.062500,2.804632,0
peace/4cc0d101-3b5b-4700-b2e2-6f8d7736ccd3,peace,fist,0.105469,0.007812,2.835080,0
peace/52045302-f928-493f-b051-b49865f90ba5,peace,call,0.132812,0.000000,2.738185,0
peace/56dc12f2-5d98-46f5-97ed-45e256fd6977,peace,call,0.312500,0.250000,2.529499,0
peace/5ba7ee4b-1983-4bed-953b-7eb5638f6e82,peace,call,0.136719,0.000000,2.752877,0
peace/6098c55a-4e58-455b-a978-1effedaae3d4,peace,call,0.355469,0.242188,2.413755,0
peace/65c82086-a9de-42b2-a1c6-37d739182435,peace,stop_inverted,0.203125,0.054688,2.631211,0
peace/6af0944d-e5aa-404c-adf6-b782124f0365,peace,stop_inverted,0.128906,0.050781,2.832557,0
peace/70284721-c73b-406e-b7e8-741f6dd6b7f8,peace,call,0.179688,0.050781,2.700810,0
peace/75110d76-389d-4c7f-b1ed-cb402ade1e46,peace,call,0.152344,0.035156,2.770138,0
peace/7a523e9d-6e91-437a-8543-fa96c356734f,peace,call,0.101562,0.011719,2.831799,0
peace/7fde77c5-00ff-43d7-b01b-1c2a97e01227,peace,dislike,0.128906,0.007812,2.782172,0
peace/8507e38b-2232-4bef-b95f-6f2aa8238e1d,peace,call,0.167969,0.074219,2.769665,0
peace/8a1ece20-405f-4a8d-af5f-d5c5170b8a75,peace,one,0.199219,0.042969,2.605798,0
peace/8f4d8a69-1a88-429d-a99f-10a8a50aec21,peace,call,0.148438,0.035156,2.770969,0
peace/94b61326-d34a-47dc-b956-c12c77467c2b,peace,dislike,0.218750,0.113281,2.663824,0
peace/99f9473f-fc50-4a98-850c-54588e381c55,peace,call,0.218750,0.035156,2.588566,0
peace/9ee8c499-e97f-4bfa-8070-9434a7109af7,peace,call,0.289062,0.214844,2.586198,0
peace/a411afa8-e9db-4610-831e-03ef5c0d3283,peace,call,0.523438,0.464844,2.018569,0
peace/a91f4fbd-3540-4f01-a663-6b08a6ff8bcb,peace,like,0.222656,0.128906,2.677860,0
peace/adf718be-8ae7-486e-aae1-a7dd8bd9ced5,peace,call,0.152344,0.042969,2.774698,0
peace/b324dcd3-bc49-4bed-bede-f89a69b1a7c9,peace,dislike,0.164062,0.074219,2.724981,0
peace/b88a266f-88f1-4aef-8691-b338c1d2ab5b,peace,dislike,0.218750,0.078125,2.651971,0
peace/bdbc06d8-9143-403b-aeff-58e1c22e99b9,peace,call,0.152344,0.000000,2.697970,0
peace/c2bb9d2b-6c84-4c32-917e-c916834ad7bf,peace,call,0.144531,0.027344,2.793115,0
peace/c7c46623-9338-4411-856e-e56dc3ec998f,peace,dislike,0.160156,0.062500,2.746541,0
peace/ccca403f-84a1-4a85-ab02-5d5ab8eab348,peace,call,0.390625,0.269531,2.238993,0
peace/d1de5559-76f8-40f0-8e62-bfdcc889907a,peace,dislike,0.210938,0.035156,2.577820,0
peace/d7302f1e-4406-47a1-9605-477a867384e2,peace,one,0.117188,0.011719,2.814976,0
peace/dc58f448-0e88-4d2b-98cc-ce50721fca79,peace,rock,0.171875,0.027344,2.673986,0
peace/e17c0fec-a07b-4e67-83ea-8f7a21de4cb5,peace,call,0.156250,0.054688,2.775978,0
peace/e69d44ba-1bf4-42c8-8327-32af3cafba5f,peace,dislike,0.105469,0.015625,2.839849,0
peace/eb55cec7-d7fe-4803-ac15-30c5bbf6944b,peace,call,0.214844,0.035156,2.575998,0
peace/f09a1929-5d28-4e6d-96ca-1680149ad928,peace,call,0.203125,0.136719,2.728817,0
peace/f579202d-190e-4003-8f2a-1dd82c597dd7,peace,ok,0.230469,0.035156,2.468738,0
peace/facc1d4d-9251-4366-8bc8-413687dd6f13,peace,call,0.152344,0.054688,2.750879,0
peace_inverted/0001962e-3416-48cf-b283-8d911f05207a,peace_inverted,call,0.191406,0.066406,2.669362,0
peace_inverted/04e1093e-2835-4b76-bb20-14ab1f6816c7,peace_inverted,call,0.437500,0.371094,2.228567,0
peace_inverted/0a19f3ea-c756-44ed-92d6-cd7c86f69901,peace_inverted,call,0.269531,0.125000,2.532850,0
peace_inverted/0ec4b146-98e6-49c2-ad96-168daab50e8a,peace_inverted,call,0.339844,0.265625,2.464903,0
peace_inverted/13b6fb2d-856b-4c8f-8320-0ddc49a878d5,peace_inverted,call,0.113281,0.003906,2.821572,0
peace_inverted/18bd9f0e-b3e0-41c9-8f0d-74d6a3d1e494,peace_inverted,two_up,0.132812,0.027344,2.770080,0
peace_inverted/1dc168b7-94f3-4290-a9b3-5d47f8084038,peace_inverted,call,0.238281,0.171875,2.641650,0
peace_inverted/2303d9f6-f1a6-4156-a95e-991e1949e3f6,peace_inverted,call,0.164062,0.023438,2.696579,0
peace_inverted/280cd333-fcf3-40b2-be39-47812b19c2a6,peace_inverted,call,0.347656,0.285156,2.470194,0
peace_inverted/2d406583-f812-42b5-8008-e1ceadeeda17,peace_inverted,dislike,0.246094,0.085938,2.541645,0
peace_inverted/32944cf2-bfcf-4bd2-be82-900140d05125,peace_inverted,call,0.140625,0.058594,2.797874,0
peace_inverted/37a182b4-cbdd-4ade-8249-dd5bf795c750,peace_inverted,call,0.171875,0.082031,2.761756,0
peace_inverted/3c92a854-4604-4f39-86d8-15b80e6160b6,peace_inverted,call,0.085938,0.000000,2.856481,0
peace_inverted/41f8e03b-0414-484a-a8aa-2570e603d5b9,peace_inverted,call,0.109375,0.023438,2.825112,0
peace_inverted/472a58b5-41b8-427a-add3-86f77d25220d,peace_inverted,call,0.105469,0.011719,2.847210,0
peace_inverted/4c6872df-04e5-4481-a7c7-b197da575d58,peace_inverted,call,0.546875,0.503906,1.972451,0
peace_inverted/511934ea-b58f-4d53-8bfd-1b082f1069a5,peace_inverted,dislike,0.148438,0.019531,2.708627,0
peace_inverted/55c9180d-5c29-4379-83d4-56c4abef2ed2,peace_inverted,call,0.214844,0.144531,2.711869,0
peace_inverted/5a706f08-e291-43fc-883f-71c597e98954,peace_inverted,ok,0.148438,0.054688,2.773761,0
peace_inverted/5f8983b8-f8ac-4db0-9e45-9216aa054f38,peace_inverted,one,0.105469,0.011719,2.800342,0
peace_inverted/64824082-e9b3-4171-bc7d-b6bd1ba096c0,peace_inverted,call,0.152344,0.000000,2.728653,0
peace_inverted/6999d389-90f7-4c62-9a06-f490a682a67f,peace_inverted,call,0.144531,0.058594,2.797919,0
peace_inverted/6eb25f9c-2864-4ed7-936c-8d0eba17b51a,peace_inverted,fist,0.308594,0.214844,2.512188,0
peace_inverted/7442767b-8753-43e2-a914-98bf4a3a7609,peace_inverted,call,0.156250,0.046875,2.706862,0
peace_inverted/79c29892-ccb6-472d-bade-daaf705daaca,peace_inverted,call,0.140625,0.023438,2.761921,0
peace_inverted/7ee6dbeb-6c18-40d1-85f9-fb1c4f837afd,peace_inverted,one,0.179688,0.070312,2.742563,0
peace_inverted/841d2621-40fc-412f-8bc2-430652eea0d8,peace_inverted,dislike,0.136719,0.011719,2.730792,0
peace_inverted/899e8e23-25c8-42f3-85ab-bbfa293a1c7d,peace_inverted,call,0.210938,0.113281,2.708557,0
peace_inverted/8ef184bc-c7cd-420f-a746-6f2651c82c88,peace_inverted,call,0.152344,0.066406,2.782616,0
peace_inverted/9412e04f-b36d-4398-8e31-74c8683656a3,peace_inverted,call,0.164062,0.039062,2.738868,0
peace_inverted/9933d8dd-e4af-40b2-a7c3-500f7222306e,peace_inverted,dislike,0.199219,0.109375,2.726184,0
peace_inverted/9e267c9c-8566-4560-ac62-646a68097532,peace_inverted,one,0.210938,0.078125,2.598847,0
peace_inverted/a3108450-a4be-4e08-8520-1df00ef22fa0,peace_inverted,dislike,0.117188,0.023438,2.817960,0
peace_inverted/a82a0a54-b80f-4c3f-be20-271983b0539e,peace_inverted,call,0.355469,0.273438,2.430281,0
peace_inverted/ad2ca352-4709-4731-a398-41ec39b5fae0,peace_inverted,call,0.132812,0.031250,2.795949,0
peace_inverted/b280a9aa-e606-4ad4-b154-d86fc1beee83,peace_inverted,call,0.550781,0.492188,1.933201,0
peace_inverted/b7680d85-8449-4c3c-8db6-1b5da7430c8f,peace_inverted,call,0.132812,0.031250,2.816411,0
peace_inverted/bd02f1fd-4eb9-4694-992b-f236e6f7c75b,peace_inverted,call,0.128906,0.031250,2.776136,0
peace_inverted/c2466388-8297-40d3-b9e6-f51beedae385,peace_inverted,call,0.144531,0.050781,2.779470,0
peace_inverted/c74cd20b-35fc-45ca-9e02-7726613db6ad,peace_inverted,call,0.210938,0.121094,2.687879,0
peace_inverted/cc92c692-4003-4ed5-bde2-8e2af057dfd0,peace_inverted,call,0.125000,0.031250,2.794100,0
peace_inverted/d1757cce-cf8b-44cb-872a-2948af13a9ce,peace_inverted,call,0.214844,0.046875,2.558682,0
peace_inverted/d68eaf64-ccd1-4d38-aee6-aa22f7c7ed4e,peace_inverted,call,0.207031,0.113281,2.686182,0
peace_inverted/db64e471-0847-4213-8742-4d4b29c97ede,peace_inverted,call,0.328125,0.210938,2.436961,0
peace_inverted/e04fb637-befe-4d31-9e5d-b47bfcc2c94a,peace_inverted,dislike,0.144531,0.027344,2.718091,0
peace_inverted/e55f5ec5-3baa-4664-a015-f8c589745078,peace_inverted,call,0.234375,0.156250,2.667634,0
peace_inverted/eae92a31-ded3-4527-a34c-a20662cf0003,peace_inverted,one,0.097656,0.003906,2.821292,0
peace_inverted/f068fdc6-eb9c-4efc-a5c1-6420bf73b35b,peace_inverted,call,0.273438,0.210938,2.610527,0
peace_inverted/f5a13be3-8de2-4a66-a212-b0ea19a2c57b,peace_inverted,mute,0.109375,0.011719,2.805684,0
peace_inverted/fafdf7dd-127a-4808-aa6b-8899085a3e89,peace_inverted,call,0.242188,0.132812,2.657434,0
rock/00000956-dc92-4959-99c6-473d18000b6c,rock,call,0.214844,0.140625,2.689775,0
rock/0583a54d-420f-4d6c-ba83-5bf4c6d56b2b,rock,call,0.164062,0.054688,2.752915,0
rock/0a62cb39-bebf-4e3c-b431-e96dd2bb0c73,rock,ok,0.390625,0.300781,2.282951,0
rock/0f367f88-0248-4357-8b0e-a19f2c0c73dc,rock,call,0.144531,0.019531,2.752483,0
rock/14a5b571-bc5a-4752-b1c4-7fa9fecefa23,rock,dislike,0.191406,0.074219,2.704819,0
rock/19a24925-2a3c-4d77-ab5e-b5203354d64d,rock,call,0.148438,0.031250,2.748249,0
rock/1ec02246-ce91-450b-8a52-0e56d15c7008,rock,dislike,0.164062,0.015625,2.713992,0
rock/23eea628-6991-4252-835a-689287740946,rock,call,0.292969,0.191406,2.499848,0
rock/29047f78-bb8d-4fe3-aeb4-3ef4a1585555,rock,call,0.324219,0.218750,2.444104,0
rock/2df640df-645e-42b4-b18b-7ade865a21b8,rock,call,0.121094,0.007812,2.793749,0
rock/334224a8-4973-45fb-b159-ec12be09165c,rock,call,0.171875,0.054688,2.755982,0
rock/38715631-04e7-493d-b0ce-e22a2ae405e2,rock,like,0.363281,0.203125,2.280586,0
rock/3db96dff-5808-4884-a46a-d3ec7b852405,rock,call,0.156250,0.054688,2.758761,0
rock/428376f5-138c-49cf-b7de-f3c12c8c5f11,rock,two_up_inverted,0.128906,0.011719,2.721921,0
rock/47713fb3-b44e-40f0-a0de-7796e943ffce,rock,call,0.156250,0.046875,2.764098,0
rock/4c2e5fca-03d2-4534-90d2-3ae0a3cb0822,rock,one,0.187500,0.078125,2.658823,0
rock/510c5588-4399-4ff8-856b-537c25b77072,rock,call,0.167969,0.074219,2.709420,0
rock/561170f8-53b0-488e-b101-12e4a58d9315,rock,peace_inverted,0.171875,0.019531,2.649085,0
rock/5b247408-a2b3-488f-8ba5-a685178b7b85,rock,call,0.195312,0.121094,2.737413,0
rock/5fd546cc-b26d-4c41-baac-3fbd48a97534,rock,call,0.253906,0.144531,2.616968,0
rock/64f0ee0e-58ac-4ac6-99b0-e4fb589b832e,rock,one,0.175781,0.078125,2.738588,0
rock/6a0d1f8d-41c0-4481-9767-94bc9e6f5f2e,rock,call,0.171875,0.050781,2.751086,0
rock/6f10ff69-fab2-46f3-aa2f-99c159486fac,rock,call,0.132812,0.046875,2.802295,0
rock/746e7abd-f55f-4021-902b-65dd882a78e2,rock,call,0.285156,0.203125,2.536165,0
rock/79b44c13-f258-4b2b-a9c8-d46eb46faf6a,rock,call,0.160156,0.062500,2.766716,0
rock/7e8bbdb4-96c8-4c0b-9274-4d235018cbe4,rock,one,0.136719,0.011719,2.724991,0
rock/83b591fc-6514-49fd-b84e-6f82dc98226f,rock,mute,0.191406,0.003906,2.529705,0
rock/88ce6134-e034-490c-a612-52aa1ac19c79,rock,call,0.328125,0.238281,2.473971,0
rock/8ddda5a9-3f30-42ea-b27f-40dc9b2a6353,rock,dislike,0.269531,0.183594,2.614959,0
rock/92d3254e-78be-4018-9d30-c344e8ddb6a7,rock,call,0.171875,0.101562,2.781109,0
rock/9805a7ce-c3e5-4e08-87ba-52aaeb725f40,rock,call,0.117188,0.015625,2.802305,0
rock/9d42f091-4c0a-467d-ba56-ae6cd41092b7,rock,one,0.121094,0.027344,2.834083,0
rock/a263b662-40ed-4ae7-81d5-598e802fc6d8,rock,call,0.308594,0.144531,2.428607,0
rock/a7e7a241-0057-4076-ae65-a073c65b5c27,rock,fist,0.136719,0.042969,2.793316,0
rock/ad3a7c2b-bbae-4b40-ba1d-6e649e320868,rock,call,0.148438,0.058594,2.801504,0
rock/b2587ac1-1c1a-4415-b9ca-bc78b79df91b,rock,fist,0.128906,0.027344,2.802908,0
rock/b7822309-dc3f-41eb-927d-a2de33b6a668,rock,call,0.187500,0.050781,2.675271,0
rock/bc4a82e4-46de-4cdd-b9e0-90f733303a8b,rock,one,0.257812,0.156250,2.590806,0
rock/c189d5fd-15ac-4d4d-b681-d165406e5200,rock,call,0.335938,0.273438,2.499840,0
rock/c6dcc198-0694-44e1-9ffa-dbc9a441df0c,rock,call,0.289062,0.203125,2.557221,0
rock/cc0885d8-c4d2-467c-ae53-beda14693099,rock,call,0.117188,0.027344,2.807799,0
rock/d132b1fb-9af5-4ba0-851c-84dbb8053ff3,rock,call,0.156250,0.066406,2.781081,0
rock/d65cc1e1-5bb6-446f-b5a7-7e59c75fb527,rock,call,0.257812,0.167969,2.628185,0
rock/dba77a9e-ea85-4541-8782-118f810ae0d7,rock,call,0.402344,0.300781,2.259466,0
rock/e0d9ded4-7140-46de-ba67-d61dd79f4e00,rock,dislike,0.136719,0.035156,2.789975,0
rock/e62d41f8-c6fa-4c24-9c58-a2de75aed7bc,rock,call,0.156250,0.066406,2.792508,0
rock/eb7c8120-b13f-4bab-90f4-87d3e06f0c6e,rock,call,0.324219,0.203125,2.450742,0
rock/f0d555ab-c5ac-405a-acba-9028e6ab4352,rock,call,0.140625,0.042969,2.772557,0
rock/f6149bc3-d6e9-4356-b500-557197e9598b,rock,two_up_inverted,0.113281,0.011719,2.807033,0
rock/fac5e5ec-ea11-4124-9d99-1fc51d7bb30e,rock,call,0.156250,0.039062,2.776802,0
stop/0000d39b-5dcc-4bea-b615-644581855295,stop,call,0.289062,0.121094,2.478751,0
stop/04fb8933-e4e3-4ccf-aee8-dfb227eff9a5,stop,call,0.300781,0.226562,2.562083,0
stop/0a3fee81-f049-4a9c-a63f-b133bc5a5849,stop,one,0.175781,0.093750,2.759127,0
stop/0f117c89-e5d3-490a-9ec0-5e41eb5c1a95,stop,call,0.113281,0.031250,2.841344,0
stop/1426da20-6c0b-42fa-944f-cee1e04cbee5,stop,call,0.199219,0.128906,2.735346,0
stop/194419ce-b997-4b3f-b98a-0602cc512f87,stop,call,0.132812,0.023438,2.777744,0
stop/1e6538f1-f20a-4114-90bd-ce10fba64880,stop,call,0.105469,0.007812,2.830546,0
stop/23794076-bcdf-4ffe-b725-90a331967d18,stop,call,0.117188,0.039062,2.838987,0
stop/288a3926-e79e-4b82-8ede-85c1b9ec7107,stop,call,0.144531,0.007812,2.721573,0
stop/2d89f908-62da-40e5-8fea-7e8decb4ffc1,stop,call,0.132812,0.058594,2.818436,0
stop/32b6f63c-7333-434a-9e95-f55be3e275a3,stop,call,0.195312,0.093750,2.737393,0
stop/378f3fa3-d688-4558-bbae-0254fac254cc,stop,ok,0.144531,0.007812,2.619027,0
stop/3cad2cca-74ce-45c3-a9c3-e2791b21e998,stop,call,0.292969,0.222656,2.551086,0
stop/421704af-f37e-404c-8fe9-f92d316bf40c,stop,fist,0.097656,0.000000,2.808127,0
stop/475be294-0e92-48fe-9dcb-336b2f9dbd1d,stop,rock,0.222656,0.042969,2.530154,0
stop/4ccd625c-320e-4a57-a2d7-2fd550d4893e,stop,call,0.183594,0.085938,2.723351,0
stop/525ca3d4-d897-4750-b608-06976a4947c7,stop,call,0.242188,0.183594,2.690640,0
stop/573cbf7e-9335-46c4-9ad2-5c6b5ae9f77d,stop,call,0.140625,0.042969,2.778479,0
stop/5c98abdb-8a5c-44d4-80df-908e66d410e2,stop,call,0.101562,0.007812,2.811074,0
stop/619d1ba7-af53-4b09-af8a-b539455a5290,stop,call,0.261719,0.203125,2.634756,0
stop/6683b995-7538-4fd9-b4b2-bf9f532586e3,stop,fist,0.117188,0.035156,2.807304,0
stop/6b8539e4-75a9-4d87-9658-ddee02af7e43,stop,call,0.132812,0.050781,2.822487,0
stop/70a40ce4-952b-44cb-a8b1-d45de726e62f,stop,ok,0.195312,0.058594,2.666621,0
stop/75856805-1ae6-4661-9105-0b87f8882b78,stop,dislike,0.246094,0.125000,2.573000,0
stop/7a51a9a4-2fff-4f95-81e1-2f462a815bea,stop,dislike,0.109375,0.003906,2.816212,0
stop/7f858f08-4cef-4d6d-b025-9d32a9f5cebb,stop,dislike,0.105469,0.003906,2.810326,0
stop/84bd5424-5781-4043-bad1-6a015f8d8aa1,stop,call,0.144531,0.035156,2.790660,0
stop/89f3e951-98bf-41f3-af66-52581042786a,stop,one,0.191406,0.097656,2.705719,0
stop/8f3e6ed1-6073-414c-a017-6455367a092e,stop,dislike,0.191406,0.039062,2.594965,0
stop/942aa146-c2c8-4f37-a8b5-cd2ad991deec,stop,call,0.132812,0.054688,2.792774,0
stop/9979f7c0-c62a-44a5-8ee0-bafef6f920a0,stop,call,0.125000,0.015625,2.809108,0
stop/9ed1db71-b76b-43ae-a6a2-9f8c189b43ea,stop,one,0.183594,0.054688,2.677590,0
stop/a3b5f09a-3d8e-4296-91d5-cba01ba8a78d,stop,call,0.179688,0.035156,2.675110,0
stop/a8f578d3-6bbb-4d06-87be-2d80f0b584ed,stop,one,0.203125,0.074219,2.698862,0
stop/adbe794b-44c4-45e5-94a0-1ae510d57cc6,stop,call,0.175781,0.101562,2.758820,0
stop/b32b1a50-2e1b-4d36-b6f3-0921b1f09027,stop,call,0.238281,0.039062,2.508333,0
stop/b7fd76d5-b518-4e1c-a97a-84bc6231221d,stop,call,0.476562,0.429688,2.133444,0
stop/bcfcda5a-fc9d-45fd-9d63-7b51060dd32e,stop,call,0.246094,0.113281,2.620957,0
stop/c20ad7bf-260f-4dc7-b87f-b5dc1bab653b,stop,call,0.093750,0.011719,2.839753,0
stop/c7454b3f-6a6b-45ae-a1b2-5636547d8d69,stop,call,0.437500,0.367188,2.260138,0
stop/cc4c89ec-aa73-40a1-bbca-f20523753861,stop,call,0.175781,0.058594,2.743379,0
stop/d1a60610-ca11-43e8-8aae-61a6b1df5e4c,stop,dislike,0.199219,0.109375,2.716113,0
stop/d7127197-f13c-428d-9bde-6db71b047e60,stop,stop_inverted,0.195312,0.109375,2.682532,0
stop/dc292e70-028c-44c5-9107-a9a2884fda4e,stop,call,0.253906,0.179688,2.651271,0
stop/e140744e-244b-4602-be80-32cb91e5b4ae,stop,one,0.218750,0.109375,2.661352,0
stop/e5dd34a7-e3a6-4f05-a1ec-3866b53a2d5c,stop,call,0.109375,0.003906,2.791070,0
stop/eb180139-1da1-4659-be24-f50ae2bfa449,stop,one,0.234375,0.132812,2.629814,0
stop/f053a306-c80b-4904-b357-c9451e2dbbcc,stop,call,0.246094,0.144531,2.633576,0
stop/f6061d31-5fa9-46c9-afbc-927f402dff29,stop,call,0.164062,0.007812,2.705306,0
stop/fb142c91-5311-4fec-a33a-1e4f1601e3b7,stop,call,0.105469,0.007812,2.833708,0
stop_inverted/0000bf62-3ba3-4599-8fce-f1d5e5479b70,stop_inverted,ok,0.101562,0.003906,2.787300,0
stop_inverted/04c7d058-ed72-42a0-bada-b8fe65e5614a,stop_inverted,call,0.136719,0.000000,2.719327,0
stop_inverted/09bf7987-7856-43d9-9fbb-3f117c925f65,stop_inverted,call,0.152344,0.046875,2.753464,0
stop_inverted/0ef18422-f5bb-44ed-8ed4-0d5226d0c8fa,stop_inverted,call,0.210938,0.042969,2.592955,0
stop_inverted/1454247f-7e8e-4f49-8b11-3723f6e835b5,stop_inverted,call,0.109375,0.023438,2.833811,0
stop_inverted/19143230-ef65-427c-9b86-4e9bb84ee612,stop_inverted,call,0.300781,0.230469,2.564314,0
stop_inverted/1e151f3b-f0fb-4945-b359-54a38ff5c5fc,stop_inverted,call,0.218750,0.066406,2.640872,0
stop_inverted/2309dbe4-89a9-4ba8-bcd2-77e1b4f89542,stop_inverted,call,0.253906,0.164062,2.667020,0
stop_inverted/283e1f3d-cc93-449f-89a3-9603171f128e,stop_inverted,call,0.152344,0.070312,2.798280,0
stop_inverted/2da8ff4e-9689-4493-a8a5-855b72068478,stop_inverted,call,0.152344,0.058594,2.799589,0
stop_inverted/32c62f47-cb6d-4ec3-bc05-15e37a18e528,stop_inverted,dislike,0.105469,0.027344,2.835657,0
stop_inverted/3828f5fc-c3f0-43fd-ab9c-67a6240bf84c,stop_inverted,like,0.390625,0.191406,2.151110,0
stop_inverted/3d03ca0f-4e81-4b8a-bd5b-41a1e65f4959,stop_inverted,two_up_inverted,0.121094,0.023438,2.738621,0
stop_inverted/41e52e76-0d96-475b-a3e1-4c8ae2081b42,stop_inverted,dislike,0.109375,0.011719,2.839309,0
stop_inverted/471e816d-b3ff-4d6f-8825-1dd8cdb855ca,stop_inverted,call,0.207031,0.097656,2.699400,0
stop_inverted/4beac571-8b91-4876-b4bf-f62f8835315d,stop_inverted,dislike,0.269531,0.125000,2.554633,0
stop_inverted/5134a53c-b035-4f72-a87c-46cd57d1ec61,stop_inverted,dislike,0.164062,0.031250,2.729851,0
stop_inverted/5632a149-5252-43d4-a777-23813e98d1ed,stop_inverted,call,0.226562,0.144531,2.670667,0
stop_inverted/5b6a9db0-951b-4562-9a04-8b3c9a257031,stop_inverted,call,0.160156,0.054688,2.798268,0
stop_inverted/6085800b-eff3-460a-a107-57aedbdc5a89,stop_inverted,ok,0.300781,0.164062,2.468269,0
stop_inverted/65ef0137-c455-4d2c-ae4f-52169df990cb,stop_inverted,dislike,0.109375,0.011719,2.810580,0
stop_inverted/6b178d2e-03f7-45fd-9af2-4d9737ccccc2,stop_inverted,call,0.117188,0.015625,2.804567,0
stop_inverted/70971e35-c5c3-4a05-af02-e0a574f56505,stop_inverted,call,0.152344,0.042969,2.752327,0
stop_inverted/756cbc77-4cc2-4a7f-8ce9-ee3475ac2c77,stop_inverted,ok,0.136719,0.042969,2.742542,0
stop_inverted/7a8801de-4dd2-4075-8b09-b15eb2b0277f,stop_inverted,call,0.199219,0.093750,2.695093,0
stop_inverted/7f8aa538-c38d-4f95-a570-323010740977,stop_inverted,call,0.359375,0.289062,2.428487,0
stop_inverted/84c7a372-1245-41d4-b085-7f4ed0d5709d,stop_inverted,call,0.203125,0.117188,2.730276,0
stop_inverted/89d62743-7d72-40fe-96c9-a5594e2eca8d,stop_inverted,call,0.128906,0.042969,2.822484,0
stop_inverted/8eb5b85c-6fbc-4cf4-82bb-ec24b1d04e15,stop_inverted,call,0.171875,0.093750,2.768442,0
stop_inverted/93e37e22-d9bf-4560-a352-06ff9d945827,stop_inverted,one,0.113281,0.031250,2.811383,0
stop_inverted/9919c9be-8340-41a9-acdb-5cdfdd9334de,stop_inverted,fist,0.113281,0.023438,2.809080,0
stop_inverted/9dea25ce-caaa-4bc1-bae6-eeb807c59be7,stop_inverted,call,0.253906,0.164062,2.602389,0
stop_inverted/a2ff385d-5c82-4e0a-898c-fcbe61d91e43,stop_inverted,call,0.167969,0.074219,2.735335,0
stop_inverted/a827695c-fc33-4437-ac8f-7840d199a72c,stop_inverted,call,0.128906,0.007812,2.762177,0
stop_inverted/ad2cdfed-c6cb-44b3-8fe6-bfcdf7d13e74,stop_inverted,call,0.128906,0.035156,2.781871,0
stop_inverted/b28d0563-dcb6-4309-ba7c-d43aec2da7a0,stop_inverted,call,0.097656,0.000000,2.834653,0
stop_inverted/b79aeee4-0ae0-492e-a919-7a397b0c4a64,stop_inverted,call,0.148438,0.066406,2.805005,0
stop_inverted/bcbdbb95-0cb9-4d6e-b5e4-e71fab27af88,stop_inverted,call,0.628906,0.578125,1.680473,0
stop_inverted/c20d591c-5ca5-419d-8f2b-21f621947c76,stop_inverted,call,0.125000,0.003906,2.798850,0
stop_inverted/c73550aa-1498-4d53-8364-23a20f290622,stop_inverted,stop_inverted,0.117188,0.011719,2.802092,1
stop_inverted/ccd1155f-e369-414b-9a44-204eccffd636,stop_inverted,fist,0.414062,0.281250,2.190531,0
stop_inverted/d1eb0fa0-2d8f-49cc-b057-6d5d505ffe98,stop_inverted,fist,0.101562,0.011719,2.800414,0
stop_inverted/d695c702-1cf9-45ae-9909-a7824f3edba3,stop_inverted,one,0.097656,0.003906,2.829196,0
stop_inverted/dbf832ba-b15c-41dd-8e68-80093bcb8a9f,stop_inverted,dislike,0.097656,0.003906,2.828702,0
stop_inverted/e1223e08-ce86-4968-bdff-b94cd5a94c3c,stop_inverted,call,0.125000,0.046875,2.811615,0
stop_inverted/e5f5c47f-665b-438c-aca2-4d316742d746,stop_inverted,call,0.296875,0.078125,2.329950,0
stop_inverted/eb460756-8777-41b9-99cc-3bf65b938ee9,stop_inverted,stop_inverted,0.203125,0.097656,2.698566,1
stop_inverted/f090274b-40eb-48aa-aea4-e22e392d55ef,stop_inverted,stop_inverted,0.148438,0.039062,2.772552,1
stop_inverted/f5740baa-d48b-444e-960b-6409436ab38d,stop_inverted,dislike,0.183594,0.066406,2.718478,0
stop_inverted/fa850b6a-c736-45a8-bd71-4a1c182a4560,stop_inverted,call,0.222656,0.132812,2.668004,0
three/00005123-c474-4eed-b2cf-926dab0ce899,three,dislike,0.292969,0.027344,2.249125,0
three/04e8d961-6dad-4d4d-8ae0-56e0268e3d23,three,call,0.296875,0.203125,2.520257,0
three/0a1ada80-e01a-4aa6-bc9c-b9feaa6c30ad,three,call,0.175781,0.050781,2.718331,0
three/0ec00088-a618-43c4-bcfd-91818bcbbee5,three,call,0.121094,0.015625,2.783357,0
three/13fea007-123b-481e-bdad-75e40494566e,three,call,0.105469,0.011719,2.802542,0
three/19200923-0e85-4a4c-94a3-4c5c0aa6ab59,three,call,0.203125,0.097656,2.688465,0
three/1e972fb9-b190-4c5f-9151-5be5694cfc32,three,call,0.339844,0.281250,2.479320,0
three/23938c1b-e035-48c5-aa97-8b88cfd33d9a,three,call,0.210938,0.148438,2.731992,0
three/2851e971-7639-4f0d-bd32-3b94cc08eed7,three,call,0.152344,0.000000,2.728830,0
three/2d4a0411-1af0-47f5-84c4-bbc0d9e81af2,three,palm,0.261719,0.156250,2.524940,0
three/320e5116-7299-44c8-b8ae-eb9793d24b3e,three,call,0.203125,0.105469,2.715420,0
three/37a16d6c-4f8a-406b-8981-4b0288779902,three,call,0.085938,0.000000,2.862497,0
three/3d0ff3e3-22a9-49b7-a344-f9342b07f7a9,three,call,0.148438,0.011719,2.726471,0
three/41b7dc67-a426-40d0-8dd9-1c27ec84abfb,three,one,0.167969,0.023438,2.696013,0
three/46f41db7-c5a2-4043-a894-542c567ccf8d,three,call,0.136719,0.031250,2.790469,0
three/4c13762b-a6cc-46a4-8f30-5458b77b3352,three,call,0.089844,0.000000,2.827727,0
three/515239ad-3131-4f77-a011-be1f2be50d61,three,call,0.117188,0.039062,2.816563,0
three/56833b06-a5e7-484b-afa8-da1c69647d5a,three,call,0.300781,0.195312,2.436273,0
three/5bac01c3-0f43-4d7c-b323-9639f9c92b4d,three,dislike,0.257812,0.156250,2.621250,0
three/60adfde8-c4e9-4716-87bd-fa6dd8982e56,three,one,0.128906,0.015625,2.802956,0
three/65705df8-8667-4eca-a4ec-6b7e4f83305b,three,call,0.230469,0.085938,2.627747,0
three/6a2fb71e-23fd-42c1-819b-4e72909efbbe,three,dislike,0.148438,0.015625,2.760708,0
three/6f0372a6-cbf2-4198-9ad7-bc4cf2f640f6,three,call,0.269531,0.191406,2.601774,0
three/744024e6-de82-42c8-a1f6-c030f170400e,three,call,0.113281,0.015625,2.789723,0
three/79746446-ae6b-4a13-b1ec-3e781f18a36c,three,one,0.121094,0.011719,2.784984,0
three/7ece8501-7a7a-4bfe-b517-deb0319c4b43,three,call,0.156250,0.074219,2.756711,0
three/83ec777b-a98c-4f1f-8a21-d30a6fbb34c6,three,peace_inverted,0.296875,0.179688,2.512890,0
three/8954821a-5aeb-49b0-8ccf-0b4c72fd7f9c,three,peace_inverted,0.097656,0.000000,2.822721,0
three/8e5b18ae-ebde-49b3-868c-9263b8659997,three,call,0.269531,0.156250,2.568051,0
three/9390fa75-663f-49c8-9789-e9fe2f5999b5,three,call,0.183594,0.027344,2.627457,0
three/987519d1-d4d8-424b-a3b1-3e428a2b89ce,three,dislike,0.347656,0.289062,2.451528,0
three/9da17e18-c14f-4466-8946-2dc4a7d142a3,three,call,0.234375,0.152344,2.701244,0
three/a2c1d4e6-d987-4737-b372-94044f8598e0,three,call,0.250000,0.140625,2.562928,0
three/a7c48f6a-c78e-4d23-92ab-2822fb7c7038,three,call,0.140625,0.035156,2.812763,0
three/accf88fb-2e18-40e2-a506-2f3a4f792f70,three,call,0.390625,0.273438,2.287225,0
three/b1b332fb-d3ea-4250-ae34-9ed422ca836c,three,call,0.125000,0.000000,2.796764,0
three/b6d5389a-3f95-4610-9bc1-58a88cbba94c,three,call,0.183594,0.074219,2.679620,0
three/bc02aaf4-42f2-4979-b0f3-053dab3a11b5,three,call,0.175781,0.007812,2.629360,0
three/c1613fc5-dc93-42ff-92d2-a0886e2900ea,three,call,0.164062,0.031250,2.709033,0
three/c695a3e6-1fd8-4f99-9bef-f35735e35ffb,three,call,0.226562,0.144531,2.696854,0
three/cb5aed1c-4a27-4fd7-893c-0f4f07600005,three,one,0.156250,0.074219,2.762990,0
three/d0490829-c19e-4cd8-875b-1c008eb84fb2,three,call,0.117188,0.019531,2.816573,0
three/d595b784-243b-4539-8476-15818371ea42,three,two_up_inverted,0.394531,0.273438,2.277783,0
three/dac64865-1a9a-4be5-b4e4-8e556e10587f,three,call,0.316406,0.234375,2.480518,0
three/dfb39931-1f83-4fb9-a4f3-b80c08c803f9,three,dislike,0.261719,0.175781,2.642931,0
three/e4c7b243-fa78-4f9d-a42c-249e4707a10f,three,call,0.566406,0.496094,1.817265,0
three/ea247ed6-f97a-4cc3-bb1f-6c4e8fceeab1,three,call,0.187500,0.093750,2.740542,0
three/ef7f9427-3b23-40cb-95b8-e8dcd491a3a0,three,call,0.214844,0.031250,2.605026,0
three/f53c0896-851e-4994-8fbe-4f5084e97bad,three,dislike,0.195312,0.042969,2.601049,0
three/fa903771-9fb4-4c18-a08d-87b611d82a96,three,one,0.097656,0.003906,2.846548,0
three2/00025179-4482-4aba-b699-6b532ddd9c79,three2,call,0.207031,0.132812,2.686986,0
three2/0536c2dd-b2f2-4c1a-988f-a8c3e97a9578,three2,call,0.324219,0.253906,2.478533,0
three2/0a023ba9-f543-4327-a711-49093647127b,three2,like,0.367188,0.179688,2.212449,0
three2/0ee5b98d-175b-4138-b4ce-077c1c756c8b,three2,call,0.191406,0.062500,2.670033,0
three2/144bdca2-fdcb-48b5-9b1b-333e81309e35,three2,call,0.175781,0.089844,2.746718,0
three2/19b2cf20-f076-4683-9802-b42858195c0d,three2,one,0.578125,0.515625,1.851108,0
three2/1ea3d645-5557-4669-923c-594a65b34b4b,three2,peace,0.203125,0.050781,2.644676,0
three2/23a65f8f-b01a-4e88-b845-308dc6c1b9ce,three2,two_up_inverted,0.242188,0.039062,2.485792,0
three2/2881a496-e478-4944-bdba-26da93a9282a,three2,call,0.171875,0.035156,2.706211,0
three2/2df52d39-8b19-4c9b-aacb-44ff06a83093,three2,one,0.128906,0.031250,2.802900,0
three2/32a1ed1c-cb3d-42c6-81c8-806a4a877a31,three2,call,0.125000,0.011719,2.798949,0
three2/37a43bf0-f579-40e7-b454-c1f5a26ef70b,three2,call,0.234375,0.152344,2.684825,0
three2/3ccc12f1-7f9e-4900-807d-787e61e81897,three2,call,0.171875,0.066406,2.725488,0
three2/418bbe88-0cc7-4c54-af23-cf07152cf607,three2,one,0.242188,0.136719,2.632581,0
three2/46a2a0a1-46a6-4a92-b462-7c82d925f5dd,three2,call,0.121094,0.011719,2.802747,0
three2/4bc0c9d1-5c23-469f-b86e-33a644702199,three2,call,0.183594,0.085938,2.691883,0
three2/511224b8-470a-434a-9ef8-732d7b5351ea,three2,call,0.222656,0.144531,2.679715,0
three2/567934e5-891f-4f06-84b8-901a5bf3cc14,three2,call,0.152344,0.019531,2.737381,0
three2/5bedd43b-b780-4c85-809d-4f7ad4d7acf4,three2,call,0.367188,0.242188,2.367240,0
three2/60b55729-deb2-4b58-90c9-e022ad4d1b3a,three2,fist,0.140625,0.031250,2.762221,0
three2/65ae250b-4e5e-45b5-ab6d-951d06da9471,three2,one,0.152344,0.042969,2.793689,0
three2/6aef4a2b-d585-4428-bbd4-a49c05938a35,three2,one,0.117188,0.031250,2.834618,0
three2/7046239f-f934-4f97-b885-68a197572886,three2,dislike,0.359375,0.187500,2.291154,0
three2/75531da7-9025-4748-805e-a298f3ca3c54,three2,like,0.355469,0.207031,2.372085,0
three2/7a17c031-284b-4380-bd15-b2c85b56e137,three2,call,0.171875,0.066406,2.743569,0
three2/7f4b0a65-f7e1-43ee-8f5d-0a7541cc26ce,three2,dislike,0.171875,0.062500,2.736082,0
three2/845f6c21-fa6a-4bef-835e-21dba4e8a342,three2,call,0.218750,0.085938,2.610292,0
three2/890d4e21-dbc1-4405-af18-741673821258,three2,call,0.140625,0.031250,2.786006,0
three2/8e032e2a-7670-4b43-a7f8-60b935fb5942,three2,call,0.335938,0.238281,2.475516,0
three2/932ebb21-4745-4f57-bd72-0788c126e888,three2,call,0.527344,0.468750,1.986905,0
three2/980c84a1-3e21-4d39-9201-e690524f24c9,three2,dislike,0.281250,0.179688,2.530632,0
three2/9d320089-027b-423f-9d69-b7d77721b839,three2,three2,0.203125,0.078125,2.599740,1
three2/a2692f5c-b0b5-41ba-a3bf-141e59a1467c,three2,two_up_inverted,0.183594,0.058594,2.693322,0
three2/a7ed771c-17d7-4236-b4ff-3b3f65b50cf4,three2,call,0.125000,0.019531,2.749881,0
three2/ad2a3ccf-daff-46dc-8c8e-e88d290d47ec,three2,call,0.125000,0.039062,2.817621,0
three2/b2014101-aa8e-472c-9e82-77714e45a45e,three2,call,0.441406,0.378906,2.229400,0
three2/b725b5c2-0838-40ee-8c20-6647ad63ec59,three2,dislike,0.140625,0.035156,2.762697,0
three2/bc3e8ca8-a243-447a-9af8-4908e69a83bf,three2,call,0.097656,0.000000,2.833265,0
three2/c165599d-5d1f-417e-a8a9-5bdbfd78f46e,three2,call,0.289062,0.222656,2.622819,0
three2/c6e0b8de-de60-4289-b02e-395d72468410,three2,call,0.140625,0.019531,2.750502,0
three2/cc059b87-b71d-4b8f-9389-adf878a97f43,three2,mute,0.175781,0.058594,2.644281,0
three2/d0e46ed3-a18d-4168-a502-d61bb255a1e9,three2,dislike,0.144531,0.027344,2.747692,0
three2/d68a6a14-063a-46bb-9791-29a2d6d4cfb2,three2,three2,0.203125,0.070312,2.620693,1
three2/db52d381-a4b7-412d-b7aa-f088d70ef77c,three2,one,0.242188,0.062500,2.527087,0
three2/e0c74b03-acf5-4a69-8ae4-24ba78c06bc5,three2,call,0.343750,0.289062,2.491013,0
three2/e63a04dd-dff3-441d-acf0-e36c9be24df3,three2,two_up,0.210938,0.078125,2.579709,0
three2/eb50b18a-91eb-4227-98e1-2413f979a64f,three2,call,0.292969,0.183594,2.540484,0
three2/f03cbe99-8e56-48f3-b984-fea7a951a179,three2,call,0.117188,0.027344,2.812831,0
three2/f599bc45-67b3-425a-97f1-e44c1050058d,three2,call,0.199219,0.019531,2.616232,0
three2/fae324d3-a241-4ebb-bc0d-7884fd7ec064,three2,call,0.203125,0.085938,2.678475,0
two_up/000143a9-8b2b-47d9-a6cf-033582ec892b,two_up,peace_inverted,0.136719,0.007812,2.716535,0
two_up/05358fe5-6e19-4aff-9e84-f6217720d859,two_up,call,0.242188,0.117188,2.644799,0
two_up/0a35067f-ffe2-47f4-887f-cc3bd224c1f3,two_up,dislike,0.171875,0.085938,2.742236,0
two_up/0f0625b7-cc30-4e44-b609-87177fc1fa71,two_up,call,0.324219,0.218750,2.434175,0
two_up/141ea18c-d2a9-4296-b16e-0f1ef74e1b62,two_up,call,0.218750,0.144531,2.743588,0
two_up/18ee1f3d-0c96-441d-a7a7-17f7d13815d1,two_up,call,0.144531,0.000000,2.753007,0
two_up/1e8f5a2f-993f-422b-af51-cebdcac35df3,two_up,dislike,0.292969,0.121094,2.421093,0
two_up/23eff179-338c-4f2b-860b-1acd16ce62e2,two_up,call,0.132812,0.023438,2.744019,0
two_up/29072c2f-580b-4144-8f15-bff6f2f20367,two_up,call,0.152344,0.066406,2.786261,0
two_up/2e3b7b66-6f30-4d39-a4be-7697766d7171,two_up,call,0.148438,0.042969,2.766493,0
two_up/333e184e-0141-4d4b-b933-9fab34d18e9c,two_up,dislike,0.109375,0.011719,2.829373,0
two_up/383c84b8-6085-431c-8c81-7b63e27cdf60,two_up,call,0.253906,0.113281,2.537022,0
two_up/3d65437d-9601-45b3-97b7-feb1432f4216,two_up,call,0.207031,0.097656,2.702416,0
two_up/42975a8a-6ea0-4289-8ab2-a9ca6320f659,two_up,call,0.156250,0.062500,2.779798,0
two_up/47e96125-7d01-41d9-b7ac-294f8d5b52d1,two_up,stop_inverted,0.175781,0.019531,2.632530,0
two_up/4d462427-c8d8-4e98-a7bf-e9cf9e8c227e,two_up,stop_inverted,0.171875,0.078125,2.732412,0
two_up/5291e6e2-b3a7-4cf8-9583-e3eed92c020d,two_up,dislike,0.261719,0.164062,2.626809,0
two_up/5836d8b0-9ee4-4e8d-83ac-bdc9ce5c5058,two_up,call,0.148438,0.011719,2.710247,0
two_up/5d3c99f3-9d6e-45e9-9277-b5c34daabf8c,two_up,one,0.277344,0.195312,2.616041,0
two_up/6206dd92-d3f6-4c51-8977-0ebf9a6a3777,two_up,call,0.171875,0.093750,2.786875,0
two_up/67471c7d-3b9d-4b80-aed9-306e8b44fb60,two_up,one,0.179688,0.027344,2.576271,0
two_up/6c2c8368-9330-4c33-905b-d8a3aa03bcf0,two_up,call,0.410156,0.343750,2.279402,0
two_up/71588a06-3c7d-4fd3-8df3-629b5e037dde,two_up,two_up,0.136719,0.019531,2.763186,1
two_up/7658f0ee-b780-4d88-a236-4140779e59e2,two_up,call,0.187500,0.066406,2.717836,0
two_up/7b761704-eb7b-4f20-98df-6863fc8938d2,two_up,mute,0.140625,0.015625,2.758275,0
two_up/80884944-4351-4da2-9226-62dcd3721e64,two_up,dislike,0.121094,0.027344,2.808030,0
two_up/85c782cf-013e-4639-b054-a5adc0448361,two_up,dislike,0.128906,0.015625,2.771090,0
two_up/8ab95467-ec91-4685-b182-5451cbf6afa8,two_up,two_up_inverted,0.164062,0.097656,2.794079,0
two_up/90318302-3fb2-4a88-ae50-1d9bb8f99246,two_up,fist,0.121094,0.003906,2.772353,0
two_up/9557d590-1f1e-4596-96ec-098dfcf1907b,two_up,ok,0.121094,0.015625,2.782140,0
two_up/9aaa495f-a6ec-4828-952c-0c0b8dfbabe6,two_up,call,0.128906,0.003906,2.754401,0
two_up/9f71ff74-3652-4168-ac25-8faaaca33e9b,two_up,call,0.128906,0.062500,2.830539,0
two_up/a47422fc-21fa-4633-a9c9-a4601fa2731a,two_up,call,0.187500,0.097656,2.733147,0
two_up/a94df998-4f9c-4401-a7b6-ae916be54cf0,two_up,call,0.136719,0.031250,2.778176,0
two_up/ae57cfa8-d243-4b68-afa9-85fe2dfb23d2,two_up,call,0.132812,0.011719,2.772451,0
two_up/b3238dd0-0e6a-498a-a235-719ecf27434f,two_up,call,0.191406,0.078125,2.684850,0
two_up/b84a53f4-04d8-4f51-84c2-47b90f280529,two_up,call,0.222656,0.070312,2.587279,0
two_up/bd8beb11-75d9-4c2d-a37e-7da92d731d52,two_up,call,0.375000,0.167969,2.210766,0
two_up/c2ab2cfa-cbdd-41a7-bd73-a48c6af6a1c7,two_up,call,0.191406,0.117188,2.754446,0
two_up/c7f2ef8c-0182-4fba-bd52-e3557ab77b25,two_up,dislike,0.156250,0.035156,2.738559,0
two_up/cd27b041-5993-4962-afce-0ec70bbd7a3b,two_up,two_up_inverted,0.109375,0.027344,2.815404,0
two_up/d208871e-fe2a-4bf1-93c8-640c1255d4b3,two_up,call,0.191406,0.074219,2.671335,0
two_up/d72a6336-30e3-4f44-96cd-0094ef20885d,two_up,call,0.160156,0.039062,2.746230,0
two_up/dc2553f2-3007-46a9-bbd0-69b3adf63f59,two_up,dislike,0.109375,0.007812,2.814521,0
two_up/e145738a-758f-452d-a0c3-9b4da8735b4f,two_up,fist,0.175781,0.105469,2.772514,0
two_up/e695e0d6-1efa-44dd-bd82-34ee5fde50aa,two_up,call,0.144531,0.039062,2.726939,0
two_up/ebeb3a80-9226-40f7-b177-6c16c6e7dd34,two_up,call,0.148438,0.035156,2.745282,0
two_up/f0f77c6b-90af-4a90-bd2d-95224eee894a,two_up,call,0.171875,0.093750,2.762497,0
two_up/f5dcb0e3-6e2a-45d0-9e18-8bd48a344639,two_up,fist,0.226562,0.113281,2.630452,0
two_up/facfe1cd-ad65-4e24-89cc-0005898528bf,two_up,two_up_inverted,0.152344,0.074219,2.795788,0
two_up_inverted/0003a570-72ec-44c8-b0dd-c3ce6bb98a08,two_up_inverted,call,0.214844,0.070312,2.661153,0
two_up_inverted/05230af0-cecb-4f8b-b47b-e3d4fe2afaec,two_up_inverted,dislike,0.289062,0.136719,2.474157,0
two_up_inverted/0a930e9e-fdc3-438e-ba60-1fcdb85998e6,two_up_inverted,call,0.164062,0.082031,2.769434,0
two_up_inverted/0fef81f2-7b3d-404c-a730-174f1d9091a7,two_up_inverted,call,0.210938,0.136719,2.736112,0
two_up_inverted/14f0fc2c-8852-40e5-9932-3f5076f3708e,two_up_inverted,two_up,0.226562,0.046875,2.604535,0
two_up_inverted/19e6a28b-a874-433a-b96e-b3bd05818a31,two_up_inverted,call,0.109375,0.011719,2.840612,0
two_up_inverted/1ebfa8f3-3ed0-440e-9e6f-87017f577618,two_up_inverted,call,0.140625,0.000000,2.700085,0
two_up_inverted/23cb87e7-f2f8-4fa7-8394-7d5a17929655,two_up_inverted,dislike,0.246094,0.156250,2.646882,0
two_up_inverted/28e97226-08a7-411a-811e-c1ed72ece060,two_up_inverted,call,0.277344,0.160156,2.556100,0
two_up_inverted/2de4ee34-6d2b-4cb7-a4cb-9488900d2e76,two_up_inverted,peace_inverted,0.121094,0.023438,2.805402,0
two_up_inverted/32e2fa9d-4ea9-4bac-a5ec-81b9598e3f6f,two_up_inverted,one,0.375000,0.292969,2.373242,0
two_up_inverted/380af4c0-b5c5-4b02-9299-5a8233a55141,two_up_inverted,dislike,0.238281,0.128906,2.627354,0
two_up_inverted/3d67f64f-8370-429a-ba69-abbdce9655c0,two_up_inverted,call,0.285156,0.164062,2.565824,0
two_up_inverted/427c3954-9e83-4d5e-98a4-9c6d77728ffe,two_up_inverted,call,0.125000,0.019531,2.811182,0
two_up_inverted/478cc2ed-8263-4a76-a108-472250e570e3,two_up_inverted,one,0.125000,0.027344,2.828141,0
two_up_inverted/4cdb32a2-5eb9-4684-9375-5175a911cbcc,two_up_inverted,call,0.371094,0.273438,2.357659,0
two_up_inverted/519c318d-0340-44a8-9eea-3a6df9a9a267,two_up_inverted,one,0.128906,0.015625,2.761585,0
two_up_inverted/56a645e5-b8e3-43b2-a540-d3cd7dd9154a,two_up_inverted,call,0.136719,0.050781,2.819643,0
two_up_inverted/5c2949a3-becf-459d-8e12-2e857e7205bb,two_up_inverted,call,0.156250,0.042969,2.759877,0
two_up_inverted/616be9bc-f11a-4ccd-91e4-ab12decf8b3e,two_up_inverted,fist,0.238281,0.093750,2.556701,0
two_up_inverted/668b0b22-b96c-4401-bab4-f0ffe1894537,two_up_inverted,one,0.238281,0.097656,2.580889,0
two_up_inverted/6ba9f1b9-f3bf-4e86-8712-2c3f66378747,two_up_inverted,dislike,0.183594,0.039062,2.633455,0
two_up_inverted/70c97091-457d-4798-89fb-a9fef8e98a74,two_up_inverted,call,0.105469,0.003906,2.793998,0
two_up_inverted/7639192a-e15b-4363-856c-b02ebe5960a0,two_up_inverted,two_up_inverted,0.132812,0.027344,2.808889,1
two_up_inverted/7b502379-0c18-4bb0-9497-acb7e3737607,two_up_inverted,dislike,0.195312,0.070312,2.700039,0
two_up_inverted/8097bccb-b0d8-4cb6-adeb-39027302ab07,two_up_inverted,peace_inverted,0.175781,0.062500,2.670069,0
two_up_inverted/859639b1-3574-4cf4-a6cf-1e9b1ac09399,two_up_inverted,dislike,0.136719,0.027344,2.782403,0
two_up_inverted/8a868c2d-de82-47fa-a504-ceecdb13c3b5,two_up_inverted,dislike,0.128906,0.031250,2.813146,0
two_up_inverted/8fe82469-2d54-485c-b12a-f4a4e60ff4c6,two_up_inverted,call,0.242188,0.160156,2.680463,0
two_up_inverted/95148618-1138-4a6f-83e1-137bcc883a9c,two_up_inverted,call,0.242188,0.164062,2.676193,0
two_up_inverted/9a11736b-291c-4209-ab40-1672898308b2,two_up_inverted,call,0.187500,0.093750,2.732454,0
two_up_inverted/9f175ebc-5dbf-44da-a847-4617cef480be,two_up_inverted,call,0.179688,0.054688,2.733172,0
two_up_inverted/a40a4b2d-3b12-46bf-a11a-6c1476d74eed,two_up_inverted,call,0.164062,0.082031,2.786471,0
two_up_inverted/a8c47330-0ef9-48a1-9f0b-b1c6d9d571eb,two_up_inverted,call,0.125000,0.007812,2.782914,0
two_up_inverted/adf5c979-4bcf-4b8a-b64b-d3dd6364eee3,two_up_inverted,call,0.101562,0.000000,2.831403,0
two_up_inverted/b308ee49-3975-4a32-9de5-8665842f10c6,two_up_inverted,call,0.289062,0.167969,2.511634,0
two_up_inverted/b82fcb60-cfc1-45f2-974c-33b095b9e88f,two_up_inverted,call,0.214844,0.105469,2.674168,0
two_up_inverted/bd98ad81-75d1-4fc1-8c7c-8ff8375a5304,two_up_inverted,call,0.085938,0.000000,2.857005,0
two_up_inverted/c2c406b6-b006-4609-be9a-093c1ecb43d7,two_up_inverted,mute,0.121094,0.023438,2.799637,0
two_up_inverted/c7b708e3-283f-4983-b778-c3b3f977fe31,two_up_inverted,one,0.238281,0.136719,2.633264,0
two_up_inverted/ccc148ba-424e-4f5d-a07a-ff19e20e10e0,two_up_inverted,dislike,0.113281,0.000000,2.765878,0
two_up_inverted/d1eaba02-d508-4240-b2cb-d38d512ad943,two_up_inverted,call,0.113281,0.023438,2.809273,0
two_up_inverted/d6fe2e25-c8da-43a1-9f4f-84819ba0a86e,two_up_inverted,fist,0.175781,0.093750,2.743083,0
two_up_inverted/dbea4a60-00ef-462a-875d-130ef028f1c3,two_up_inverted,fist,0.144531,0.023438,2.722091,0
two_up_inverted/e171aa68-dda4-49cc-84f1-7927acf6f9f4,two_up_inverted,call,0.125000,0.050781,2.815735,0
two_up_inverted/e6dc70e6-6bb9-4c97-8c40-6902d63b309c,two_up_inverted,call,0.109375,0.007812,2.777042,0
two_up_inverted/ebd84909-ef9b-4845-9b48-d1fbac2ac8d0,two_up_inverted,two_up_inverted,0.269531,0.160156,2.603526,1
two_up_inverted/f0ccf042-9d3d-4d06-aa37-1206c396a9aa,two_up_inverted,two_up_inverted,0.132812,0.019531,2.779587,1
two_up_inverted/f5c4642c-c554-4143-ad7f-39456ae5730d,two_up_inverted,dislike,0.195312,0.097656,2.732186,0
two_up_inverted/fac96144-c32c-4406-bdfd-c3a341339fa1,two_up_inverted,call,0.113281,0.015625,2.824489,0
